PRAGMA foreign_keys=OFF;
BEGIN TRANSACTION;
CREATE TABLE country (id INTEGER PRIMARY KEY AUTOINCREMENT NOT NULL, name VARCHAR(255) NOT NULL, code VARCHAR(255) NOT NULL);
INSERT INTO country VALUES(1,'Syldavia','SY');
INSERT INTO country VALUES(2,'San Theodoros','ST');
INSERT INTO country VALUES(3,'Sondonesia','SD');
CREATE TABLE citizen (id INTEGER PRIMARY KEY AUTOINCREMENT NOT NULL, name VARCHAR(255) NOT NULL, age INTEGER NOT NULL, country_id INTEGER DEFAULT NULL, CONSTRAINT FK_A9531729F92F3E70 FOREIGN KEY (country_id) REFERENCES country (id) NOT DEFERRABLE INITIALLY IMMEDIATE);
INSERT INTO citizen VALUES(1,'Cora Mante Jr.',55,1);
INSERT INTO citizen VALUES(2,'Johnpaul McGlynn DVM',84,1);
INSERT INTO citizen VALUES(3,'Hilario Ward',9,1);
INSERT INTO citizen VALUES(4,'Prof. Torrance Parisian I',95,1);
INSERT INTO citizen VALUES(5,'Jaida Cummings',57,1);
INSERT INTO citizen VALUES(6,'Tatum Parker',19,1);
INSERT INTO citizen VALUES(7,'Mr. Gage Hayes IV',58,1);
INSERT INTO citizen VALUES(8,'Larue Parisian DDS',25,1);
INSERT INTO citizen VALUES(9,'Nickolas Klocko',54,1);
INSERT INTO citizen VALUES(10,'Luis Cassin',46,1);
INSERT INTO citizen VALUES(11,'Mr. Jimmie Homenick',65,1);
INSERT INTO citizen VALUES(12,'Felipe Heathcote',51,1);
INSERT INTO citizen VALUES(13,'Elisabeth Gislason',96,1);
INSERT INTO citizen VALUES(14,'Dr. Callie Schmeler',78,1);
INSERT INTO citizen VALUES(15,'Karli Yost',30,1);
INSERT INTO citizen VALUES(16,'Danny Stoltenberg',42,1);
INSERT INTO citizen VALUES(17,'Prof. Kiley Murphy',4,1);
INSERT INTO citizen VALUES(18,'Ole Walsh DDS',19,1);
INSERT INTO citizen VALUES(19,'Mrs. Daisha Torphy',47,1);
INSERT INTO citizen VALUES(20,'Prof. Hester Ferry',77,1);
INSERT INTO citizen VALUES(21,'Prof. Julianne Stiedemann',46,1);
INSERT INTO citizen VALUES(22,'Cora O''Kon',83,1);
INSERT INTO citizen VALUES(23,'Henri Graham',94,1);
INSERT INTO citizen VALUES(24,'Charlene Price II',96,1);
INSERT INTO citizen VALUES(25,'Dr. Tate White',58,1);
INSERT INTO citizen VALUES(26,'Rashad Ullrich',4,1);
INSERT INTO citizen VALUES(27,'Vincenza Terry',48,1);
INSERT INTO citizen VALUES(28,'Prof. Joe Balistreri III',5,1);
INSERT INTO citizen VALUES(29,'Ms. Dorothy Halvorson',60,1);
INSERT INTO citizen VALUES(30,'Alexane Kassulke',85,1);
INSERT INTO citizen VALUES(31,'Edwin Thiel',33,1);
INSERT INTO citizen VALUES(32,'Brendon Hauck',22,1);
INSERT INTO citizen VALUES(33,'Eda Bashirian',41,1);
INSERT INTO citizen VALUES(34,'Miss Adriana Walker',4,1);
INSERT INTO citizen VALUES(35,'Perry Steuber',93,1);
INSERT INTO citizen VALUES(36,'Don Dach',92,1);
INSERT INTO citizen VALUES(37,'Tess Raynor',50,1);
INSERT INTO citizen VALUES(38,'Drake Sawayn',2,1);
INSERT INTO citizen VALUES(39,'Gerson Lowe Sr.',24,1);
INSERT INTO citizen VALUES(40,'Muhammad Graham Sr.',66,1);
INSERT INTO citizen VALUES(41,'Mr. Derek Huel',65,1);
INSERT INTO citizen VALUES(42,'Justyn Lueilwitz',36,1);
INSERT INTO citizen VALUES(43,'Barton Kutch',76,1);
INSERT INTO citizen VALUES(44,'Chauncey Turner',83,1);
INSERT INTO citizen VALUES(45,'Yessenia Greenfelder',41,1);
INSERT INTO citizen VALUES(46,'Prof. Markus Hessel II',38,1);
INSERT INTO citizen VALUES(47,'Miss Rubie Koepp',76,1);
INSERT INTO citizen VALUES(48,'Kaylee Christiansen',52,1);
INSERT INTO citizen VALUES(49,'Prof. Selmer Brown',18,1);
INSERT INTO citizen VALUES(50,'Dominique Wolf',52,1);
INSERT INTO citizen VALUES(51,'Ken Padberg',2,1);
INSERT INTO citizen VALUES(52,'Prof. Frank Nader II',27,1);
INSERT INTO citizen VALUES(53,'Soledad Corkery',97,1);
INSERT INTO citizen VALUES(54,'Mr. Nathanial Heller',68,1);
INSERT INTO citizen VALUES(55,'Orin Mohr',76,1);
INSERT INTO citizen VALUES(56,'Khalid Konopelski',4,1);
INSERT INTO citizen VALUES(57,'Kylie Bernhard Jr.',27,1);
INSERT INTO citizen VALUES(58,'Georgianna Gleichner',16,1);
INSERT INTO citizen VALUES(59,'Ms. Gretchen Krajcik',68,1);
INSERT INTO citizen VALUES(60,'Marquise Parisian',79,1);
INSERT INTO citizen VALUES(61,'Brain Beahan',81,1);
INSERT INTO citizen VALUES(62,'Alayna Howe',27,1);
INSERT INTO citizen VALUES(63,'Mikel Doyle DVM',99,1);
INSERT INTO citizen VALUES(64,'Prof. Makenzie Kshlerin',18,1);
INSERT INTO citizen VALUES(65,'Corrine Armstrong',71,1);
INSERT INTO citizen VALUES(66,'Mr. Trevion Frami',23,1);
INSERT INTO citizen VALUES(67,'Kendall Prosacco Jr.',29,1);
INSERT INTO citizen VALUES(68,'Savanna Weimann',53,1);
INSERT INTO citizen VALUES(69,'Kenyon Lueilwitz',40,1);
INSERT INTO citizen VALUES(70,'Lorenza Nicolas',37,1);
INSERT INTO citizen VALUES(71,'Gabriel Labadie',70,1);
INSERT INTO citizen VALUES(72,'Reanna Schowalter',5,1);
INSERT INTO citizen VALUES(73,'Ms. Kathleen Torp',49,1);
INSERT INTO citizen VALUES(74,'Dr. Carey Nader Jr.',27,1);
INSERT INTO citizen VALUES(75,'Maximillian Schuppe',60,1);
INSERT INTO citizen VALUES(76,'Dorothy Purdy',27,1);
INSERT INTO citizen VALUES(77,'Prof. Jody Nitzsche',70,1);
INSERT INTO citizen VALUES(78,'Abbie Jaskolski',92,1);
INSERT INTO citizen VALUES(79,'Kellie Steuber',37,1);
INSERT INTO citizen VALUES(80,'Johnpaul Berge',25,1);
INSERT INTO citizen VALUES(81,'Kian Lakin PhD',40,1);
INSERT INTO citizen VALUES(82,'Melba Gaylord',100,1);
INSERT INTO citizen VALUES(83,'Dr. Winfield Zieme',76,1);
INSERT INTO citizen VALUES(84,'Paolo Reilly',74,1);
INSERT INTO citizen VALUES(85,'Obie Doyle',64,1);
INSERT INTO citizen VALUES(86,'Jovany Green',42,1);
INSERT INTO citizen VALUES(87,'Miss Dasia Nikolaus III',57,1);
INSERT INTO citizen VALUES(88,'Yoshiko Hickle',85,1);
INSERT INTO citizen VALUES(89,'Miss Dorothy West',93,1);
INSERT INTO citizen VALUES(90,'Dr. Belle Legros II',73,1);
INSERT INTO citizen VALUES(91,'Miss Adelle Harvey',67,1);
INSERT INTO citizen VALUES(92,'Pierre Berge',12,1);
INSERT INTO citizen VALUES(93,'Prof. Jerod Rippin',8,1);
INSERT INTO citizen VALUES(94,'Aric Kuhn DDS',8,1);
INSERT INTO citizen VALUES(95,'Hilbert Treutel',67,1);
INSERT INTO citizen VALUES(96,'Dr. Geoffrey Bogisich III',29,1);
INSERT INTO citizen VALUES(97,'Jedidiah O''Kon IV',80,1);
INSERT INTO citizen VALUES(98,'Alejandrin Ward',9,1);
INSERT INTO citizen VALUES(99,'Lexi Koepp',97,1);
INSERT INTO citizen VALUES(100,'Elvie Hayes',49,1);
INSERT INTO citizen VALUES(101,'Novella Huel',44,1);
INSERT INTO citizen VALUES(102,'Katelin Hill I',9,1);
INSERT INTO citizen VALUES(103,'Alessia Krajcik',86,1);
INSERT INTO citizen VALUES(104,'Dr. Delores Beer',61,1);
INSERT INTO citizen VALUES(105,'Theo Bahringer',58,1);
INSERT INTO citizen VALUES(106,'Dr. Providenci Stoltenberg',79,1);
INSERT INTO citizen VALUES(107,'Johnathan Stamm',83,1);
INSERT INTO citizen VALUES(108,'Prof. Nigel Olson IV',38,1);
INSERT INTO citizen VALUES(109,'Taurean Conn',18,1);
INSERT INTO citizen VALUES(110,'Miss Jacky Baumbach',49,1);
INSERT INTO citizen VALUES(111,'Braeden Parker',78,1);
INSERT INTO citizen VALUES(112,'Omari Russel',97,1);
INSERT INTO citizen VALUES(113,'Karson Rutherford',60,1);
INSERT INTO citizen VALUES(114,'Ms. Jaquelin Ratke PhD',45,1);
INSERT INTO citizen VALUES(115,'Gracie Kutch MD',26,1);
INSERT INTO citizen VALUES(116,'Hermina Metz',19,1);
INSERT INTO citizen VALUES(117,'Juana Zboncak DDS',13,1);
INSERT INTO citizen VALUES(118,'Ciara D''Amore',24,1);
INSERT INTO citizen VALUES(119,'Prof. Jace O''Connell',43,1);
INSERT INTO citizen VALUES(120,'Amy Hahn',39,1);
INSERT INTO citizen VALUES(121,'Ms. Cecilia Friesen V',30,1);
INSERT INTO citizen VALUES(122,'Dr. Sylvia Howell II',15,1);
INSERT INTO citizen VALUES(123,'Edward Jones Sr.',10,1);
INSERT INTO citizen VALUES(124,'Cassandra Robel',56,1);
INSERT INTO citizen VALUES(125,'Mrs. Elisabeth Kiehn',58,1);
INSERT INTO citizen VALUES(126,'Prof. Jermey Donnelly I',18,1);
INSERT INTO citizen VALUES(127,'Ivy Haley',53,1);
INSERT INTO citizen VALUES(128,'Dr. Tierra Bradtke',40,1);
INSERT INTO citizen VALUES(129,'Gregorio Williamson',57,1);
INSERT INTO citizen VALUES(130,'Ike Koss',80,1);
INSERT INTO citizen VALUES(131,'Ms. Aurore Jones DDS',17,1);
INSERT INTO citizen VALUES(132,'Brandt Romaguera',16,1);
INSERT INTO citizen VALUES(133,'Jared Hintz II',57,1);
INSERT INTO citizen VALUES(134,'Maegan Breitenberg',7,1);
INSERT INTO citizen VALUES(135,'Earline Rutherford',12,1);
INSERT INTO citizen VALUES(136,'Dr. Kaleigh Johnson IV',76,1);
INSERT INTO citizen VALUES(137,'Merritt Emard',45,1);
INSERT INTO citizen VALUES(138,'Florida Orn',26,1);
INSERT INTO citizen VALUES(139,'Ruthie Hane I',97,1);
INSERT INTO citizen VALUES(140,'Rogers Parker',35,1);
INSERT INTO citizen VALUES(141,'Dr. Greyson Bogisich',12,1);
INSERT INTO citizen VALUES(142,'Dr. Arjun Klein II',44,1);
INSERT INTO citizen VALUES(143,'Dr. Alvera Gottlieb Jr.',35,1);
INSERT INTO citizen VALUES(144,'Myra Hermann',96,1);
INSERT INTO citizen VALUES(145,'Mr. Andre Abernathy II',94,1);
INSERT INTO citizen VALUES(146,'Mrs. Alycia Marquardt II',68,1);
INSERT INTO citizen VALUES(147,'Mireille Koss IV',6,1);
INSERT INTO citizen VALUES(148,'Raleigh Harber',4,1);
INSERT INTO citizen VALUES(149,'Prof. Carlee Mante DDS',65,1);
INSERT INTO citizen VALUES(150,'Shaniya Dicki',52,1);
INSERT INTO citizen VALUES(151,'Orville Osinski',89,1);
INSERT INTO citizen VALUES(152,'Amelia Morar',77,1);
INSERT INTO citizen VALUES(153,'Joannie Fritsch MD',52,1);
INSERT INTO citizen VALUES(154,'Marlene Schinner',72,1);
INSERT INTO citizen VALUES(155,'Mrs. Frances Dooley II',8,1);
INSERT INTO citizen VALUES(156,'Dr. Roman VonRueden',24,1);
INSERT INTO citizen VALUES(157,'Dr. Waino Windler',84,1);
INSERT INTO citizen VALUES(158,'Wilburn Oberbrunner',98,1);
INSERT INTO citizen VALUES(159,'Prof. Dedric Hermiston',26,1);
INSERT INTO citizen VALUES(160,'German Beer',35,1);
INSERT INTO citizen VALUES(161,'Prof. Yessenia Mitchell',74,1);
INSERT INTO citizen VALUES(162,'Clarissa Zulauf',30,1);
INSERT INTO citizen VALUES(163,'Torey Hessel',83,1);
INSERT INTO citizen VALUES(164,'Annie O''Connell',4,1);
INSERT INTO citizen VALUES(165,'Sasha Tromp',8,1);
INSERT INTO citizen VALUES(166,'Hardy Fahey',19,1);
INSERT INTO citizen VALUES(167,'Jeromy Cartwright',95,1);
INSERT INTO citizen VALUES(168,'Ahmad Schuppe',69,1);
INSERT INTO citizen VALUES(169,'Cyril Kulas',19,1);
INSERT INTO citizen VALUES(170,'Trystan DuBuque',62,1);
INSERT INTO citizen VALUES(171,'Jeramy Windler II',62,1);
INSERT INTO citizen VALUES(172,'Allie Welch',40,1);
INSERT INTO citizen VALUES(173,'Chris Weber',51,1);
INSERT INTO citizen VALUES(174,'Angus Hane',72,1);
INSERT INTO citizen VALUES(175,'Jolie Kertzmann',73,1);
INSERT INTO citizen VALUES(176,'Kavon Olson',26,1);
INSERT INTO citizen VALUES(177,'Nannie Reinger Sr.',55,1);
INSERT INTO citizen VALUES(178,'Monique Lakin',24,1);
INSERT INTO citizen VALUES(179,'Prof. Raina Kuhn IV',75,1);
INSERT INTO citizen VALUES(180,'Enrico Lang PhD',5,1);
INSERT INTO citizen VALUES(181,'Prof. Torrance Moen IV',8,1);
INSERT INTO citizen VALUES(182,'Jany Hudson',98,1);
INSERT INTO citizen VALUES(183,'Ms. Maud Gleason III',96,1);
INSERT INTO citizen VALUES(184,'Eva Swaniawski',1,1);
INSERT INTO citizen VALUES(185,'Mr. Keshaun Rutherford',52,1);
INSERT INTO citizen VALUES(186,'Osvaldo Hilpert',32,1);
INSERT INTO citizen VALUES(187,'Ms. Ilene Haley II',66,1);
INSERT INTO citizen VALUES(188,'Virgie Kirlin',61,1);
INSERT INTO citizen VALUES(189,'Heidi Ankunding',76,1);
INSERT INTO citizen VALUES(190,'Dr. Devonte Bins',1,1);
INSERT INTO citizen VALUES(191,'Joyce Leannon',69,1);
INSERT INTO citizen VALUES(192,'Johanna Halvorson',74,1);
INSERT INTO citizen VALUES(193,'Prof. Elmira Wolf IV',62,1);
INSERT INTO citizen VALUES(194,'Blanche Casper',13,1);
INSERT INTO citizen VALUES(195,'Mr. Guillermo Boyer V',81,1);
INSERT INTO citizen VALUES(196,'Hillard Grant',14,1);
INSERT INTO citizen VALUES(197,'Ms. Joelle Cole',86,1);
INSERT INTO citizen VALUES(198,'Janelle O''Reilly',60,1);
INSERT INTO citizen VALUES(199,'Marcelina Heaney',56,1);
INSERT INTO citizen VALUES(200,'Dr. Janet Mayer',18,1);
INSERT INTO citizen VALUES(201,'Yvonne Kozey',28,1);
INSERT INTO citizen VALUES(202,'Dennis Ernser',32,1);
INSERT INTO citizen VALUES(203,'Roberta Thompson',94,1);
INSERT INTO citizen VALUES(204,'Alexandrea Bruen DDS',72,1);
INSERT INTO citizen VALUES(205,'Mrs. Nina D''Amore',77,1);
INSERT INTO citizen VALUES(206,'Mr. Reinhold Wunsch',26,1);
INSERT INTO citizen VALUES(207,'Noe Lehner',63,1);
INSERT INTO citizen VALUES(208,'Velma Kilback Sr.',22,1);
INSERT INTO citizen VALUES(209,'Derick Jaskolski',87,1);
INSERT INTO citizen VALUES(210,'Lizeth Mayer',72,1);
INSERT INTO citizen VALUES(211,'Webster Dibbert DVM',66,1);
INSERT INTO citizen VALUES(212,'Abby Raynor',1,1);
INSERT INTO citizen VALUES(213,'Audie McDermott III',11,1);
INSERT INTO citizen VALUES(214,'Oleta Tillman MD',94,1);
INSERT INTO citizen VALUES(215,'Shea Lemke Sr.',45,1);
INSERT INTO citizen VALUES(216,'Asha Fadel Sr.',22,1);
INSERT INTO citizen VALUES(217,'Lucie Lubowitz III',19,1);
INSERT INTO citizen VALUES(218,'Mr. Jack Steuber',41,1);
INSERT INTO citizen VALUES(219,'Bonita Grant V',56,1);
INSERT INTO citizen VALUES(220,'Brielle Volkman',4,1);
INSERT INTO citizen VALUES(221,'Mckenzie McKenzie',73,1);
INSERT INTO citizen VALUES(222,'Roslyn Turner',26,1);
INSERT INTO citizen VALUES(223,'Maximo Kshlerin I',73,1);
INSERT INTO citizen VALUES(224,'William Morissette',34,1);
INSERT INTO citizen VALUES(225,'Miss Catharine Littel',40,1);
INSERT INTO citizen VALUES(226,'Dr. Christophe Reilly Sr.',84,1);
INSERT INTO citizen VALUES(227,'Kelton Gutkowski III',53,1);
INSERT INTO citizen VALUES(228,'Dr. Pearl Blanda DDS',13,1);
INSERT INTO citizen VALUES(229,'Jeanne Considine',100,1);
INSERT INTO citizen VALUES(230,'Dr. Jesse Carter DVM',82,1);
INSERT INTO citizen VALUES(231,'Kaelyn Quitzon IV',92,1);
INSERT INTO citizen VALUES(232,'Mr. Ethel Becker',47,1);
INSERT INTO citizen VALUES(233,'Violet Jacobs',48,1);
INSERT INTO citizen VALUES(234,'Parker Kuhn',31,1);
INSERT INTO citizen VALUES(235,'Dr. Ford Murray DDS',78,1);
INSERT INTO citizen VALUES(236,'Wade Harvey',2,1);
INSERT INTO citizen VALUES(237,'Pearl Johns',66,1);
INSERT INTO citizen VALUES(238,'Carroll Wilkinson IV',65,1);
INSERT INTO citizen VALUES(239,'Mrs. Annalise Rosenbaum I',77,1);
INSERT INTO citizen VALUES(240,'Ralph Bruen',74,1);
INSERT INTO citizen VALUES(241,'Hassie Pagac',77,1);
INSERT INTO citizen VALUES(242,'Dr. Orin Hagenes',87,1);
INSERT INTO citizen VALUES(243,'Mrs. Adaline Schuster III',79,1);
INSERT INTO citizen VALUES(244,'Judd VonRueden',91,1);
INSERT INTO citizen VALUES(245,'Kendrick Stehr',74,1);
INSERT INTO citizen VALUES(246,'Michaela Stark Sr.',35,1);
INSERT INTO citizen VALUES(247,'Ashleigh Altenwerth',53,1);
INSERT INTO citizen VALUES(248,'Dr. Hazle Kulas II',64,1);
INSERT INTO citizen VALUES(249,'Morgan Abernathy',9,1);
INSERT INTO citizen VALUES(250,'Constance Pagac',60,1);
INSERT INTO citizen VALUES(251,'Adonis Thiel',75,1);
INSERT INTO citizen VALUES(252,'Nick Dibbert',97,1);
INSERT INTO citizen VALUES(253,'Maida VonRueden',48,1);
INSERT INTO citizen VALUES(254,'Abbigail Ruecker',83,1);
INSERT INTO citizen VALUES(255,'Verda Crooks',57,1);
INSERT INTO citizen VALUES(256,'Waino Aufderhar III',36,1);
INSERT INTO citizen VALUES(257,'Antwon Grimes',16,1);
INSERT INTO citizen VALUES(258,'Jan Gleichner',32,1);
INSERT INTO citizen VALUES(259,'Louie Williamson',89,1);
INSERT INTO citizen VALUES(260,'Dane Hirthe II',18,1);
INSERT INTO citizen VALUES(261,'Jake Hagenes',99,1);
INSERT INTO citizen VALUES(262,'Fay Goldner',88,1);
INSERT INTO citizen VALUES(263,'Dr. Crystal Ferry',32,1);
INSERT INTO citizen VALUES(264,'Malcolm Walsh',12,1);
INSERT INTO citizen VALUES(265,'Parker Kertzmann V',79,1);
INSERT INTO citizen VALUES(266,'Darby Hackett DVM',75,1);
INSERT INTO citizen VALUES(267,'Alek King',33,1);
INSERT INTO citizen VALUES(268,'Douglas Hamill',56,1);
INSERT INTO citizen VALUES(269,'Chadd Conroy',19,1);
INSERT INTO citizen VALUES(270,'Jewell Roberts',92,1);
INSERT INTO citizen VALUES(271,'Alta Rogahn',31,1);
INSERT INTO citizen VALUES(272,'Favian Heller',49,1);
INSERT INTO citizen VALUES(273,'Ashleigh Rodriguez',28,1);
INSERT INTO citizen VALUES(274,'Drew Johnson',87,1);
INSERT INTO citizen VALUES(275,'Mrs. Donna Kub V',60,1);
INSERT INTO citizen VALUES(276,'Estel Streich',99,1);
INSERT INTO citizen VALUES(277,'Mrs. Nikita Hauck V',93,1);
INSERT INTO citizen VALUES(278,'Virgie Feil',94,1);
INSERT INTO citizen VALUES(279,'Garnett Luettgen',85,1);
INSERT INTO citizen VALUES(280,'Russel Davis Jr.',28,1);
INSERT INTO citizen VALUES(281,'Imelda Batz',8,1);
INSERT INTO citizen VALUES(282,'Skylar Deckow',77,1);
INSERT INTO citizen VALUES(283,'Lonzo Kovacek',44,1);
INSERT INTO citizen VALUES(284,'Earl Luettgen',98,1);
INSERT INTO citizen VALUES(285,'Prof. Kenton Leuschke IV',73,1);
INSERT INTO citizen VALUES(286,'Benny Medhurst',60,1);
INSERT INTO citizen VALUES(287,'Kennedy Bednar',19,1);
INSERT INTO citizen VALUES(288,'Wava Williamson',59,1);
INSERT INTO citizen VALUES(289,'Janelle Jerde',72,1);
INSERT INTO citizen VALUES(290,'Gabriel Eichmann',53,1);
INSERT INTO citizen VALUES(291,'Mr. Obie Nitzsche',45,1);
INSERT INTO citizen VALUES(292,'Prof. Janis Ziemann PhD',41,1);
INSERT INTO citizen VALUES(293,'Mrs. Yadira Cremin IV',84,1);
INSERT INTO citizen VALUES(294,'Conrad Roob Sr.',65,1);
INSERT INTO citizen VALUES(295,'Howell Fritsch',38,1);
INSERT INTO citizen VALUES(296,'Agustina Ondricka',7,1);
INSERT INTO citizen VALUES(297,'Titus Zemlak',67,1);
INSERT INTO citizen VALUES(298,'Erik Schimmel',57,1);
INSERT INTO citizen VALUES(299,'Prof. Mavis Hyatt V',49,1);
INSERT INTO citizen VALUES(300,'Liam Tillman',30,1);
INSERT INTO citizen VALUES(301,'Richard Lind',3,1);
INSERT INTO citizen VALUES(302,'Oscar Wiegand',51,1);
INSERT INTO citizen VALUES(303,'Sandy Nikolaus Sr.',39,1);
INSERT INTO citizen VALUES(304,'Berenice Wunsch I',14,1);
INSERT INTO citizen VALUES(305,'Savannah Wolf',40,1);
INSERT INTO citizen VALUES(306,'Melissa Zieme',83,1);
INSERT INTO citizen VALUES(307,'Rick VonRueden',32,1);
INSERT INTO citizen VALUES(308,'Prof. Chad Lynch',60,1);
INSERT INTO citizen VALUES(309,'Brianne Macejkovic',6,1);
INSERT INTO citizen VALUES(310,'Dr. Jaida Eichmann',53,1);
INSERT INTO citizen VALUES(311,'Alec Bartell',72,1);
INSERT INTO citizen VALUES(312,'Waldo Nikolaus',40,1);
INSERT INTO citizen VALUES(313,'Prof. Deron Anderson',79,1);
INSERT INTO citizen VALUES(314,'Gianni Beer II',97,1);
INSERT INTO citizen VALUES(315,'Gabriella Von',80,1);
INSERT INTO citizen VALUES(316,'Adelbert Pollich',51,1);
INSERT INTO citizen VALUES(317,'Prof. Trinity Pacocha DDS',35,1);
INSERT INTO citizen VALUES(318,'Deborah Nicolas',75,1);
INSERT INTO citizen VALUES(319,'Elisha Moore',57,1);
INSERT INTO citizen VALUES(320,'Jaylin Langosh',58,1);
INSERT INTO citizen VALUES(321,'Prof. Kody VonRueden MD',18,1);
INSERT INTO citizen VALUES(322,'Ms. Kellie Conroy',73,1);
INSERT INTO citizen VALUES(323,'Stephon Langosh Jr.',51,1);
INSERT INTO citizen VALUES(324,'Mrs. Sibyl Tromp',45,1);
INSERT INTO citizen VALUES(325,'Prof. Carlo Murazik III',59,1);
INSERT INTO citizen VALUES(326,'Chauncey Walsh',3,1);
INSERT INTO citizen VALUES(327,'Norwood Schneider',5,1);
INSERT INTO citizen VALUES(328,'Chanel Kirlin',88,1);
INSERT INTO citizen VALUES(329,'Prof. Deja Pacocha PhD',76,1);
INSERT INTO citizen VALUES(330,'Clemmie Gleichner',86,1);
INSERT INTO citizen VALUES(331,'Tomasa Simonis',38,1);
INSERT INTO citizen VALUES(332,'Prof. Merlin Harris Sr.',85,1);
INSERT INTO citizen VALUES(333,'Jayne Considine',1,1);
INSERT INTO citizen VALUES(334,'Darius Reichert',50,1);
INSERT INTO citizen VALUES(335,'Remington Kunde',10,1);
INSERT INTO citizen VALUES(336,'Prof. Khalid Considine V',27,1);
INSERT INTO citizen VALUES(337,'Mireya Herzog',3,1);
INSERT INTO citizen VALUES(338,'Blaise Okuneva',58,1);
INSERT INTO citizen VALUES(339,'Mr. Emmett Ruecker MD',75,1);
INSERT INTO citizen VALUES(340,'Miss Cassidy Sporer',81,1);
INSERT INTO citizen VALUES(341,'Dr. Randall Hackett',74,1);
INSERT INTO citizen VALUES(342,'Ms. Alba Gusikowski Sr.',3,1);
INSERT INTO citizen VALUES(343,'Mr. Judah Schowalter',3,1);
INSERT INTO citizen VALUES(344,'Ms. Elenor Schmitt',69,1);
INSERT INTO citizen VALUES(345,'Zachariah Okuneva',8,1);
INSERT INTO citizen VALUES(346,'Damian Schuppe',34,1);
INSERT INTO citizen VALUES(347,'Ms. Linda Berge',84,1);
INSERT INTO citizen VALUES(348,'Prof. Ludie Welch',65,1);
INSERT INTO citizen VALUES(349,'Keira Metz V',70,1);
INSERT INTO citizen VALUES(350,'Dr. Armani Murphy',65,1);
INSERT INTO citizen VALUES(351,'Mr. Garrick Bayer',9,1);
INSERT INTO citizen VALUES(352,'Chance Kunde',61,1);
INSERT INTO citizen VALUES(353,'Napoleon Robel PhD',66,1);
INSERT INTO citizen VALUES(354,'Odell Waters',27,1);
INSERT INTO citizen VALUES(355,'Miss Bessie Renner',75,1);
INSERT INTO citizen VALUES(356,'Prof. Joanne Torphy MD',34,1);
INSERT INTO citizen VALUES(357,'Nicole Brakus',45,1);
INSERT INTO citizen VALUES(358,'Dr. Dale Johns DDS',1,1);
INSERT INTO citizen VALUES(359,'Abner Barton',81,1);
INSERT INTO citizen VALUES(360,'Sanford Walter',12,1);
INSERT INTO citizen VALUES(361,'Emanuel Lindgren I',74,1);
INSERT INTO citizen VALUES(362,'Miss Pattie Ernser MD',74,1);
INSERT INTO citizen VALUES(363,'Quinn Bergnaum',86,1);
INSERT INTO citizen VALUES(364,'Dr. Van Stiedemann',95,1);
INSERT INTO citizen VALUES(365,'Kaylee Streich',91,1);
INSERT INTO citizen VALUES(366,'Justine Zemlak',26,1);
INSERT INTO citizen VALUES(367,'Kristopher Nader',25,1);
INSERT INTO citizen VALUES(368,'Cathryn Hahn',39,1);
INSERT INTO citizen VALUES(369,'Prof. Alysha Lueilwitz',13,1);
INSERT INTO citizen VALUES(370,'Shannon Schaden Jr.',33,1);
INSERT INTO citizen VALUES(371,'Ms. Amanda Mohr',58,1);
INSERT INTO citizen VALUES(372,'Buck Pagac MD',7,1);
INSERT INTO citizen VALUES(373,'Moriah Parker IV',52,1);
INSERT INTO citizen VALUES(374,'Dr. Breanne Jenkins DVM',2,1);
INSERT INTO citizen VALUES(375,'Rosalyn Beier',10,1);
INSERT INTO citizen VALUES(376,'Ernestine Kautzer',51,1);
INSERT INTO citizen VALUES(377,'Elmore Kovacek',13,1);
INSERT INTO citizen VALUES(378,'Alena Ward',20,1);
INSERT INTO citizen VALUES(379,'Miss Retha D''Amore',98,1);
INSERT INTO citizen VALUES(380,'Laisha Heller',32,1);
INSERT INTO citizen VALUES(381,'Deron Ratke',5,1);
INSERT INTO citizen VALUES(382,'Joel Purdy',98,1);
INSERT INTO citizen VALUES(383,'Margarett Lindgren',85,1);
INSERT INTO citizen VALUES(384,'Darion Auer',89,1);
INSERT INTO citizen VALUES(385,'Benedict Marks IV',19,1);
INSERT INTO citizen VALUES(386,'Napoleon Towne',67,1);
INSERT INTO citizen VALUES(387,'Hailie Thiel',75,1);
INSERT INTO citizen VALUES(388,'Nathanial Bednar DDS',17,1);
INSERT INTO citizen VALUES(389,'Mr. Desmond Koelpin I',65,1);
INSERT INTO citizen VALUES(390,'Trace Koch I',30,1);
INSERT INTO citizen VALUES(391,'Dr. Arjun Stanton',98,1);
INSERT INTO citizen VALUES(392,'Destiny Grimes Jr.',40,1);
INSERT INTO citizen VALUES(393,'Laurence Kessler V',61,1);
INSERT INTO citizen VALUES(394,'Lessie Mohr I',94,1);
INSERT INTO citizen VALUES(395,'Carolyn Walter',20,1);
INSERT INTO citizen VALUES(396,'Maurice Mann',74,1);
INSERT INTO citizen VALUES(397,'Kiley Medhurst',33,1);
INSERT INTO citizen VALUES(398,'Prof. Shannon Ryan',52,1);
INSERT INTO citizen VALUES(399,'Delpha Volkman',45,1);
INSERT INTO citizen VALUES(400,'Orion Beatty',33,1);
INSERT INTO citizen VALUES(401,'Prof. Braeden Gulgowski',36,1);
INSERT INTO citizen VALUES(402,'Miss Rosalyn Treutel Sr.',72,1);
INSERT INTO citizen VALUES(403,'Dr. Mackenzie Stroman V',87,1);
INSERT INTO citizen VALUES(404,'Lorena Jaskolski',6,1);
INSERT INTO citizen VALUES(405,'Glennie Conn V',88,1);
INSERT INTO citizen VALUES(406,'Beulah Hirthe',13,1);
INSERT INTO citizen VALUES(407,'Harry Doyle PhD',97,1);
INSERT INTO citizen VALUES(408,'Mr. Reginald Towne',67,1);
INSERT INTO citizen VALUES(409,'Ozella Doyle I',86,1);
INSERT INTO citizen VALUES(410,'Kris Ziemann',40,1);
INSERT INTO citizen VALUES(411,'Sadye Armstrong Jr.',90,1);
INSERT INTO citizen VALUES(412,'Conor Sporer',84,1);
INSERT INTO citizen VALUES(413,'Mrs. Vincenza Hessel',36,1);
INSERT INTO citizen VALUES(414,'Miss Rosie Breitenberg PhD',52,1);
INSERT INTO citizen VALUES(415,'Macey White',20,1);
INSERT INTO citizen VALUES(416,'Shanie Yundt',96,1);
INSERT INTO citizen VALUES(417,'Narciso Moen',96,1);
INSERT INTO citizen VALUES(418,'Prof. Nellie Streich',37,1);
INSERT INTO citizen VALUES(419,'Otha McGlynn',59,1);
INSERT INTO citizen VALUES(420,'Mr. Scottie Runolfsson DDS',94,1);
INSERT INTO citizen VALUES(421,'Raul Hoppe',1,1);
INSERT INTO citizen VALUES(422,'Lacy Farrell',87,1);
INSERT INTO citizen VALUES(423,'Dr. Kip Lynch PhD',72,1);
INSERT INTO citizen VALUES(424,'Estefania Powlowski',98,1);
INSERT INTO citizen VALUES(425,'Dawn Pfeffer',18,1);
INSERT INTO citizen VALUES(426,'Ona Langosh',99,1);
INSERT INTO citizen VALUES(427,'Lorenz Ullrich',28,1);
INSERT INTO citizen VALUES(428,'Earline Heathcote',91,1);
INSERT INTO citizen VALUES(429,'Peggie Heidenreich',17,1);
INSERT INTO citizen VALUES(430,'Ashley Lang',70,1);
INSERT INTO citizen VALUES(431,'Kiana Tillman',36,1);
INSERT INTO citizen VALUES(432,'Kristin Jacobs',98,1);
INSERT INTO citizen VALUES(433,'Mr. Nickolas Smitham',11,1);
INSERT INTO citizen VALUES(434,'Irwin O''Kon DDS',40,1);
INSERT INTO citizen VALUES(435,'Elmore Beier',68,1);
INSERT INTO citizen VALUES(436,'Sydnie Glover',68,1);
INSERT INTO citizen VALUES(437,'Lue Swaniawski',21,1);
INSERT INTO citizen VALUES(438,'Ms. Josie Howell',73,1);
INSERT INTO citizen VALUES(439,'Nicole Champlin',42,1);
INSERT INTO citizen VALUES(440,'Prof. Hipolito Strosin DDS',19,1);
INSERT INTO citizen VALUES(441,'Palma Rutherford',48,1);
INSERT INTO citizen VALUES(442,'Betty Beier',36,1);
INSERT INTO citizen VALUES(443,'Alexys Kiehn',85,1);
INSERT INTO citizen VALUES(444,'Lonzo Emard',41,1);
INSERT INTO citizen VALUES(445,'Sister Cassin',26,1);
INSERT INTO citizen VALUES(446,'Dr. Alexandrine Runolfsson',1,1);
INSERT INTO citizen VALUES(447,'Sasha McDermott',89,1);
INSERT INTO citizen VALUES(448,'Jena Parker MD',26,1);
INSERT INTO citizen VALUES(449,'Lulu Champlin',96,1);
INSERT INTO citizen VALUES(450,'Dr. Adolfo Langworth',34,1);
INSERT INTO citizen VALUES(451,'Ian Jerde',80,1);
INSERT INTO citizen VALUES(452,'Miss Luna Schmeler DVM',66,1);
INSERT INTO citizen VALUES(453,'Ms. Dominique Gleichner',27,1);
INSERT INTO citizen VALUES(454,'Earnest Wintheiser',38,1);
INSERT INTO citizen VALUES(455,'Garfield Greenfelder',81,1);
INSERT INTO citizen VALUES(456,'Jovani Stehr',53,1);
INSERT INTO citizen VALUES(457,'Colton Haag',2,1);
INSERT INTO citizen VALUES(458,'Omer Russel',91,1);
INSERT INTO citizen VALUES(459,'Carolyn Kiehn',32,1);
INSERT INTO citizen VALUES(460,'Ms. Kathryn Rippin I',18,1);
INSERT INTO citizen VALUES(461,'Vidal Roob',66,1);
INSERT INTO citizen VALUES(462,'Ryder Gerlach',86,1);
INSERT INTO citizen VALUES(463,'Ted Bauch',55,1);
INSERT INTO citizen VALUES(464,'Damian Buckridge',80,1);
INSERT INTO citizen VALUES(465,'Dr. Murl Heller',14,1);
INSERT INTO citizen VALUES(466,'Isai Kassulke',21,1);
INSERT INTO citizen VALUES(467,'Eduardo Heidenreich',60,1);
INSERT INTO citizen VALUES(468,'Lisandro Toy Sr.',8,1);
INSERT INTO citizen VALUES(469,'Fernando Streich',2,1);
INSERT INTO citizen VALUES(470,'Dimitri Hoppe',16,1);
INSERT INTO citizen VALUES(471,'Mrs. Ardith Volkman I',5,1);
INSERT INTO citizen VALUES(472,'Alison Feest III',73,1);
INSERT INTO citizen VALUES(473,'Bernadine Wuckert',40,1);
INSERT INTO citizen VALUES(474,'Dr. Clementine Gibson Sr.',21,1);
INSERT INTO citizen VALUES(475,'Tad Crona',19,1);
INSERT INTO citizen VALUES(476,'Evalyn Abshire',39,1);
INSERT INTO citizen VALUES(477,'Karen Macejkovic',28,1);
INSERT INTO citizen VALUES(478,'Chad Vandervort',64,1);
INSERT INTO citizen VALUES(479,'Westley Hammes',57,1);
INSERT INTO citizen VALUES(480,'Lolita Rempel',89,1);
INSERT INTO citizen VALUES(481,'Kurtis Wiza',47,1);
INSERT INTO citizen VALUES(482,'Cooper Frami',87,1);
INSERT INTO citizen VALUES(483,'Lynn Zboncak',71,1);
INSERT INTO citizen VALUES(484,'Earlene Bechtelar',91,1);
INSERT INTO citizen VALUES(485,'Missouri Bayer',74,1);
INSERT INTO citizen VALUES(486,'Damien Marks',14,1);
INSERT INTO citizen VALUES(487,'Mathew White',72,1);
INSERT INTO citizen VALUES(488,'Prof. Devonte Feeney DVM',99,1);
INSERT INTO citizen VALUES(489,'Jean Witting II',42,1);
INSERT INTO citizen VALUES(490,'Gretchen Swaniawski',40,1);
INSERT INTO citizen VALUES(491,'Miss Sierra Schultz V',10,1);
INSERT INTO citizen VALUES(492,'Nathan Williamson',63,1);
INSERT INTO citizen VALUES(493,'Maxine Yost',31,1);
INSERT INTO citizen VALUES(494,'Dr. Jordy Jerde Jr.',35,1);
INSERT INTO citizen VALUES(495,'Georgiana Padberg DVM',61,1);
INSERT INTO citizen VALUES(496,'Levi Baumbach',44,1);
INSERT INTO citizen VALUES(497,'Elisa Mosciski II',63,1);
INSERT INTO citizen VALUES(498,'Mr. Roman Haley PhD',42,1);
INSERT INTO citizen VALUES(499,'Dr. Patrick Morar',16,1);
INSERT INTO citizen VALUES(500,'Amelia VonRueden',4,1);
INSERT INTO citizen VALUES(501,'Prof. William Herzog PhD',83,1);
INSERT INTO citizen VALUES(502,'Eleazar Bruen',46,1);
INSERT INTO citizen VALUES(503,'Brady Doyle III',45,1);
INSERT INTO citizen VALUES(504,'Saige McGlynn',88,1);
INSERT INTO citizen VALUES(505,'Dr. Luciano Effertz',33,1);
INSERT INTO citizen VALUES(506,'Prof. Agnes Lemke',69,1);
INSERT INTO citizen VALUES(507,'Madeline Lesch',49,1);
INSERT INTO citizen VALUES(508,'Irwin Hettinger',83,1);
INSERT INTO citizen VALUES(509,'Tabitha Simonis',58,1);
INSERT INTO citizen VALUES(510,'Selmer Rau IV',79,1);
INSERT INTO citizen VALUES(511,'Dr. Rosina Adams',25,1);
INSERT INTO citizen VALUES(512,'Mrs. Dolly Douglas',34,1);
INSERT INTO citizen VALUES(513,'Roberto Altenwerth',8,1);
INSERT INTO citizen VALUES(514,'Caterina Klocko',54,1);
INSERT INTO citizen VALUES(515,'Richie Cremin',87,1);
INSERT INTO citizen VALUES(516,'Giles Gorczany',72,1);
INSERT INTO citizen VALUES(517,'Marcia Prohaska',35,1);
INSERT INTO citizen VALUES(518,'Jaron Dietrich',31,1);
INSERT INTO citizen VALUES(519,'Camilla Nader',98,1);
INSERT INTO citizen VALUES(520,'Amy Maggio',91,1);
INSERT INTO citizen VALUES(521,'Ms. Antonietta Swaniawski',32,1);
INSERT INTO citizen VALUES(522,'Madyson Collier',82,1);
INSERT INTO citizen VALUES(523,'Miss Dorris Feil II',38,1);
INSERT INTO citizen VALUES(524,'Blanca Wyman DVM',22,1);
INSERT INTO citizen VALUES(525,'Lane Tremblay',78,1);
INSERT INTO citizen VALUES(526,'Dr. Grayce Bartell III',51,1);
INSERT INTO citizen VALUES(527,'Martine Jakubowski MD',72,1);
INSERT INTO citizen VALUES(528,'Cameron Harris DVM',19,1);
INSERT INTO citizen VALUES(529,'Imelda Hessel DVM',14,1);
INSERT INTO citizen VALUES(530,'Randall Gleason',9,1);
INSERT INTO citizen VALUES(531,'Jeffry Considine V',68,1);
INSERT INTO citizen VALUES(532,'Miss Lela Hermiston V',45,1);
INSERT INTO citizen VALUES(533,'Macie Dickens',92,1);
INSERT INTO citizen VALUES(534,'Bettye Schulist',92,1);
INSERT INTO citizen VALUES(535,'Sincere Eichmann',66,1);
INSERT INTO citizen VALUES(536,'Rod Orn V',91,1);
INSERT INTO citizen VALUES(537,'Miss Elizabeth Tromp II',83,1);
INSERT INTO citizen VALUES(538,'Miss Sonia Dibbert PhD',30,1);
INSERT INTO citizen VALUES(539,'Mariah Kreiger',21,1);
INSERT INTO citizen VALUES(540,'Candice Bergstrom',94,1);
INSERT INTO citizen VALUES(541,'Dr. Ernie Robel IV',68,1);
INSERT INTO citizen VALUES(542,'Meggie O''Kon DVM',34,1);
INSERT INTO citizen VALUES(543,'Rosamond Zboncak',80,1);
INSERT INTO citizen VALUES(544,'Keith Klein Jr.',85,1);
INSERT INTO citizen VALUES(545,'August Purdy',12,1);
INSERT INTO citizen VALUES(546,'Hazel Cronin',83,1);
INSERT INTO citizen VALUES(547,'Helga Graham',4,1);
INSERT INTO citizen VALUES(548,'Declan Farrell',54,1);
INSERT INTO citizen VALUES(549,'Derick Stoltenberg',63,1);
INSERT INTO citizen VALUES(550,'Jacey Grimes',42,1);
INSERT INTO citizen VALUES(551,'Mark Treutel PhD',45,1);
INSERT INTO citizen VALUES(552,'Jessica Lebsack',5,1);
INSERT INTO citizen VALUES(553,'Joyce McGlynn',7,1);
INSERT INTO citizen VALUES(554,'Sydney Ruecker Jr.',10,1);
INSERT INTO citizen VALUES(555,'Annamae Waters',49,1);
INSERT INTO citizen VALUES(556,'Deondre Schmidt',45,1);
INSERT INTO citizen VALUES(557,'Jason Rowe',23,1);
INSERT INTO citizen VALUES(558,'Irma Ondricka PhD',19,1);
INSERT INTO citizen VALUES(559,'Heath Heidenreich',66,1);
INSERT INTO citizen VALUES(560,'Prof. Candido Graham',89,1);
INSERT INTO citizen VALUES(561,'Mr. Ernie Schroeder',92,1);
INSERT INTO citizen VALUES(562,'Brando Welch',28,1);
INSERT INTO citizen VALUES(563,'Mr. Jerald VonRueden III',44,1);
INSERT INTO citizen VALUES(564,'Carmelo Paucek',75,1);
INSERT INTO citizen VALUES(565,'Aurelie Schmitt PhD',13,1);
INSERT INTO citizen VALUES(566,'Dr. Cordia Jakubowski I',19,1);
INSERT INTO citizen VALUES(567,'Mr. Doug Tromp',97,1);
INSERT INTO citizen VALUES(568,'Ms. Elfrieda Torp',1,1);
INSERT INTO citizen VALUES(569,'Dr. Reagan Hand',75,1);
INSERT INTO citizen VALUES(570,'Prof. Orland Crona',79,1);
INSERT INTO citizen VALUES(571,'Kale Jakubowski',89,1);
INSERT INTO citizen VALUES(572,'Yasmin Hamill',66,1);
INSERT INTO citizen VALUES(573,'Tia Jakubowski',15,1);
INSERT INTO citizen VALUES(574,'Prof. Afton Swift DVM',92,1);
INSERT INTO citizen VALUES(575,'Ottis Schuppe',51,1);
INSERT INTO citizen VALUES(576,'Serena Hammes',1,1);
INSERT INTO citizen VALUES(577,'Mariana Kirlin',38,1);
INSERT INTO citizen VALUES(578,'Ms. Helen Nikolaus',45,1);
INSERT INTO citizen VALUES(579,'Miss Ressie Marks',28,1);
INSERT INTO citizen VALUES(580,'Alexandria Rogahn',70,1);
INSERT INTO citizen VALUES(581,'Donato Johnson',75,1);
INSERT INTO citizen VALUES(582,'Mrs. Bert Douglas IV',40,1);
INSERT INTO citizen VALUES(583,'Amelia Sauer',48,1);
INSERT INTO citizen VALUES(584,'Antonio Pfannerstill Jr.',17,1);
INSERT INTO citizen VALUES(585,'Paul Ritchie',49,1);
INSERT INTO citizen VALUES(586,'Rosa Hand Jr.',66,1);
INSERT INTO citizen VALUES(587,'Hayley Yundt',20,1);
INSERT INTO citizen VALUES(588,'Fernando Dickinson',34,1);
INSERT INTO citizen VALUES(589,'Skylar Denesik',80,1);
INSERT INTO citizen VALUES(590,'Bradford Crist',53,1);
INSERT INTO citizen VALUES(591,'Russell Barrows',24,1);
INSERT INTO citizen VALUES(592,'Ms. Dortha Romaguera PhD',66,1);
INSERT INTO citizen VALUES(593,'Trystan Grant',96,1);
INSERT INTO citizen VALUES(594,'Olga Harber',12,1);
INSERT INTO citizen VALUES(595,'Clinton Blick',93,1);
INSERT INTO citizen VALUES(596,'Cyrus Gerlach',28,1);
INSERT INTO citizen VALUES(597,'Sabrina Gulgowski DDS',66,1);
INSERT INTO citizen VALUES(598,'Keith Strosin',79,1);
INSERT INTO citizen VALUES(599,'Bertha Koepp IV',65,1);
INSERT INTO citizen VALUES(600,'Kamille Predovic',56,1);
INSERT INTO citizen VALUES(601,'Randy Stroman',80,1);
INSERT INTO citizen VALUES(602,'Dr. Stephany Schneider',41,1);
INSERT INTO citizen VALUES(603,'Jeff Satterfield',50,1);
INSERT INTO citizen VALUES(604,'Dennis Lueilwitz',84,1);
INSERT INTO citizen VALUES(605,'Kyleigh Connelly',15,1);
INSERT INTO citizen VALUES(606,'Isadore Schaefer',76,1);
INSERT INTO citizen VALUES(607,'Edwina Spencer',35,1);
INSERT INTO citizen VALUES(608,'Ms. Hilda Kuhn Jr.',25,1);
INSERT INTO citizen VALUES(609,'Broderick Kshlerin',78,1);
INSERT INTO citizen VALUES(610,'Lucile Raynor',38,1);
INSERT INTO citizen VALUES(611,'Dr. Amanda Toy',20,1);
INSERT INTO citizen VALUES(612,'Mrs. Marlee Kessler',4,1);
INSERT INTO citizen VALUES(613,'Miss Shana Littel',19,1);
INSERT INTO citizen VALUES(614,'Shanel Ruecker',6,1);
INSERT INTO citizen VALUES(615,'Ms. Otilia Cummerata',17,1);
INSERT INTO citizen VALUES(616,'Prof. Katherine Bernier PhD',96,1);
INSERT INTO citizen VALUES(617,'Boyd Toy',1,1);
INSERT INTO citizen VALUES(618,'Kieran Nader V',81,1);
INSERT INTO citizen VALUES(619,'Eldora Hayes',19,1);
INSERT INTO citizen VALUES(620,'Ella Batz II',98,1);
INSERT INTO citizen VALUES(621,'Macey Cruickshank IV',58,1);
INSERT INTO citizen VALUES(622,'Izabella Bartoletti',56,1);
INSERT INTO citizen VALUES(623,'Mrs. Jennie Dicki II',2,1);
INSERT INTO citizen VALUES(624,'Veda Treutel V',99,1);
INSERT INTO citizen VALUES(625,'Jacques Hyatt',64,1);
INSERT INTO citizen VALUES(626,'Sigrid Konopelski DVM',94,1);
INSERT INTO citizen VALUES(627,'Henderson Lindgren MD',81,1);
INSERT INTO citizen VALUES(628,'Eladio Weissnat',91,1);
INSERT INTO citizen VALUES(629,'Louisa Reilly',74,1);
INSERT INTO citizen VALUES(630,'Elbert Crist',60,1);
INSERT INTO citizen VALUES(631,'Colby Swift',5,1);
INSERT INTO citizen VALUES(632,'Alfreda Kuhic',28,1);
INSERT INTO citizen VALUES(633,'Rashad Lemke',48,1);
INSERT INTO citizen VALUES(634,'Lizzie Jenkins',40,1);
INSERT INTO citizen VALUES(635,'Maggie Christiansen',61,1);
INSERT INTO citizen VALUES(636,'Everett Blick',1,1);
INSERT INTO citizen VALUES(637,'Miss Laney Daugherty',30,1);
INSERT INTO citizen VALUES(638,'Keagan Hoeger',47,1);
INSERT INTO citizen VALUES(639,'Mrs. Elsie Bauch V',90,1);
INSERT INTO citizen VALUES(640,'Miss Leanna Schneider DDS',10,1);
INSERT INTO citizen VALUES(641,'Claudia Wilderman',71,1);
INSERT INTO citizen VALUES(642,'Prof. Ben Kihn',61,1);
INSERT INTO citizen VALUES(643,'Patsy Durgan',39,1);
INSERT INTO citizen VALUES(644,'Madisen Haley PhD',43,1);
INSERT INTO citizen VALUES(645,'Olga Kemmer',82,1);
INSERT INTO citizen VALUES(646,'Prof. Isaias Rutherford',22,1);
INSERT INTO citizen VALUES(647,'Daisha Stokes',16,1);
INSERT INTO citizen VALUES(648,'Ms. Maudie Koss Jr.',51,1);
INSERT INTO citizen VALUES(649,'Ms. Alvena Keeling',86,1);
INSERT INTO citizen VALUES(650,'Edwardo Prosacco',54,1);
INSERT INTO citizen VALUES(651,'Jadon Swaniawski',7,1);
INSERT INTO citizen VALUES(652,'Lon McClure',7,1);
INSERT INTO citizen VALUES(653,'Brennon Schneider Sr.',43,1);
INSERT INTO citizen VALUES(654,'Juvenal Braun',64,1);
INSERT INTO citizen VALUES(655,'Jayme Crooks',99,1);
INSERT INTO citizen VALUES(656,'Ms. Tamia Monahan',96,1);
INSERT INTO citizen VALUES(657,'Mikayla Sporer',43,1);
INSERT INTO citizen VALUES(658,'Colin Weber',30,1);
INSERT INTO citizen VALUES(659,'Prof. Merl Dickinson Sr.',46,1);
INSERT INTO citizen VALUES(660,'Modesta Jacobson',34,1);
INSERT INTO citizen VALUES(661,'Wade Jerde',16,1);
INSERT INTO citizen VALUES(662,'Madyson Wuckert Jr.',12,1);
INSERT INTO citizen VALUES(663,'Tyra Schoen II',66,1);
INSERT INTO citizen VALUES(664,'Prof. Ludie Cummerata I',18,1);
INSERT INTO citizen VALUES(665,'Jayden Welch Sr.',11,1);
INSERT INTO citizen VALUES(666,'Trycia Zulauf',96,1);
INSERT INTO citizen VALUES(667,'Rebekah Weimann',76,1);
INSERT INTO citizen VALUES(668,'Khalil Rempel',15,1);
INSERT INTO citizen VALUES(669,'Efren Tromp',65,1);
INSERT INTO citizen VALUES(670,'Lynn Larkin',82,1);
INSERT INTO citizen VALUES(671,'Dr. Joany Schmeler Sr.',78,1);
INSERT INTO citizen VALUES(672,'Mr. Carroll Oberbrunner III',59,1);
INSERT INTO citizen VALUES(673,'Hettie Jones',87,1);
INSERT INTO citizen VALUES(674,'Mr. Jedediah Altenwerth MD',69,1);
INSERT INTO citizen VALUES(675,'Prof. Anya Lueilwitz DVM',58,1);
INSERT INTO citizen VALUES(676,'Samara Bernhard IV',90,1);
INSERT INTO citizen VALUES(677,'Santos Senger II',57,1);
INSERT INTO citizen VALUES(678,'Nannie Lowe III',21,1);
INSERT INTO citizen VALUES(679,'Pauline Kris',29,1);
INSERT INTO citizen VALUES(680,'Rebekah Abshire',35,1);
INSERT INTO citizen VALUES(681,'Blake Altenwerth DVM',57,1);
INSERT INTO citizen VALUES(682,'Mr. Marcus Breitenberg',85,1);
INSERT INTO citizen VALUES(683,'Domenick Jacobi',65,1);
INSERT INTO citizen VALUES(684,'Nico Mueller',30,1);
INSERT INTO citizen VALUES(685,'Talon Kuhic',52,1);
INSERT INTO citizen VALUES(686,'Daphnee Mertz',10,1);
INSERT INTO citizen VALUES(687,'Keshawn Zulauf',99,1);
INSERT INTO citizen VALUES(688,'Dr. Keanu Brown MD',8,1);
INSERT INTO citizen VALUES(689,'Prof. Samson Jast',39,1);
INSERT INTO citizen VALUES(690,'Laurine Hansen PhD',27,1);
INSERT INTO citizen VALUES(691,'Hilton Lang',94,1);
INSERT INTO citizen VALUES(692,'Alf Hudson I',67,1);
INSERT INTO citizen VALUES(693,'Rita Jacobi',75,1);
INSERT INTO citizen VALUES(694,'Maynard Ritchie',95,1);
INSERT INTO citizen VALUES(695,'Webster Feeney',86,1);
INSERT INTO citizen VALUES(696,'Anne Schaden',1,1);
INSERT INTO citizen VALUES(697,'Prof. Deanna Hessel III',12,1);
INSERT INTO citizen VALUES(698,'Reynold Pollich',80,1);
INSERT INTO citizen VALUES(699,'Kane Murphy III',47,1);
INSERT INTO citizen VALUES(700,'Mr. Rahul Bashirian I',51,1);
INSERT INTO citizen VALUES(701,'Clementine Nienow',80,1);
INSERT INTO citizen VALUES(702,'Jermey Torp',8,1);
INSERT INTO citizen VALUES(703,'Erna Roberts',36,1);
INSERT INTO citizen VALUES(704,'Randy Hyatt DVM',80,1);
INSERT INTO citizen VALUES(705,'Aimee Kuvalis',96,1);
INSERT INTO citizen VALUES(706,'Freddy Feeney',47,1);
INSERT INTO citizen VALUES(707,'Mrs. Viviane Wilderman',64,1);
INSERT INTO citizen VALUES(708,'Lea Marks',74,1);
INSERT INTO citizen VALUES(709,'Mr. Julien Lebsack IV',46,1);
INSERT INTO citizen VALUES(710,'Chanel Fritsch',14,1);
INSERT INTO citizen VALUES(711,'Ardella Hoppe Sr.',20,1);
INSERT INTO citizen VALUES(712,'Prof. Magdalen Jacobs PhD',54,1);
INSERT INTO citizen VALUES(713,'Marcelino Prosacco PhD',87,1);
INSERT INTO citizen VALUES(714,'Miss Tanya Gleason III',66,1);
INSERT INTO citizen VALUES(715,'Garrett Hoppe',68,1);
INSERT INTO citizen VALUES(716,'Amya Mosciski',17,1);
INSERT INTO citizen VALUES(717,'Laura Feeney DDS',36,1);
INSERT INTO citizen VALUES(718,'Tyra Kiehn',100,1);
INSERT INTO citizen VALUES(719,'Prof. Hildegard Abshire',91,1);
INSERT INTO citizen VALUES(720,'Mrs. Janet Baumbach',25,1);
INSERT INTO citizen VALUES(721,'Isaiah Windler I',79,1);
INSERT INTO citizen VALUES(722,'Olen Turner',17,1);
INSERT INTO citizen VALUES(723,'Nelle Gulgowski',75,1);
INSERT INTO citizen VALUES(724,'Ms. Sadye Altenwerth Jr.',5,1);
INSERT INTO citizen VALUES(725,'Natalie Harvey',19,1);
INSERT INTO citizen VALUES(726,'Bryana Jast',11,1);
INSERT INTO citizen VALUES(727,'Queen Nader',6,1);
INSERT INTO citizen VALUES(728,'Margie Mosciski',33,1);
INSERT INTO citizen VALUES(729,'Desmond Stoltenberg',67,1);
INSERT INTO citizen VALUES(730,'Brandyn Wolf',94,1);
INSERT INTO citizen VALUES(731,'Prof. Verna Halvorson',19,1);
INSERT INTO citizen VALUES(732,'Laverna Abbott',13,1);
INSERT INTO citizen VALUES(733,'Yvonne Cronin',58,1);
INSERT INTO citizen VALUES(734,'Bernardo Sporer Sr.',24,1);
INSERT INTO citizen VALUES(735,'Drew Corkery',79,1);
INSERT INTO citizen VALUES(736,'Humberto Kuphal',34,1);
INSERT INTO citizen VALUES(737,'Prof. Meda Hartmann',37,1);
INSERT INTO citizen VALUES(738,'Prof. Juvenal Cartwright PhD',32,1);
INSERT INTO citizen VALUES(739,'Everett Murphy',98,1);
INSERT INTO citizen VALUES(740,'Dr. Braden Harber DVM',32,1);
INSERT INTO citizen VALUES(741,'Spencer Rosenbaum',57,1);
INSERT INTO citizen VALUES(742,'Tyler Wuckert',39,1);
INSERT INTO citizen VALUES(743,'Rhiannon Lubowitz',95,1);
INSERT INTO citizen VALUES(744,'Orland Smitham',43,1);
INSERT INTO citizen VALUES(745,'Prof. Noe Mann IV',10,1);
INSERT INTO citizen VALUES(746,'Prof. Ben Kuhn Sr.',85,1);
INSERT INTO citizen VALUES(747,'Guy Hill',99,1);
INSERT INTO citizen VALUES(748,'Amelia Maggio',57,1);
INSERT INTO citizen VALUES(749,'Dandre Block',93,1);
INSERT INTO citizen VALUES(750,'Matilda Johns',72,1);
INSERT INTO citizen VALUES(751,'Mrs. Asha Legros',16,1);
INSERT INTO citizen VALUES(752,'Dwight Langosh',76,1);
INSERT INTO citizen VALUES(753,'Dr. Dallas Reilly PhD',2,1);
INSERT INTO citizen VALUES(754,'Katelynn Considine',74,1);
INSERT INTO citizen VALUES(755,'Shaylee McDermott',11,1);
INSERT INTO citizen VALUES(756,'Ms. Celine Krajcik',55,1);
INSERT INTO citizen VALUES(757,'Mr. Hunter Lueilwitz',5,1);
INSERT INTO citizen VALUES(758,'Jerod Ebert',95,1);
INSERT INTO citizen VALUES(759,'Ms. Kirstin Kerluke II',44,1);
INSERT INTO citizen VALUES(760,'Lia Rippin',6,1);
INSERT INTO citizen VALUES(761,'Prof. Chadd Robel',70,1);
INSERT INTO citizen VALUES(762,'Athena Dibbert',74,1);
INSERT INTO citizen VALUES(763,'Lou Harvey DVM',55,1);
INSERT INTO citizen VALUES(764,'Dorthy Schultz Jr.',62,1);
INSERT INTO citizen VALUES(765,'Russel Denesik',30,1);
INSERT INTO citizen VALUES(766,'Sadie Kerluke',95,1);
INSERT INTO citizen VALUES(767,'Prof. Kallie VonRueden MD',23,1);
INSERT INTO citizen VALUES(768,'Candelario Dicki',14,1);
INSERT INTO citizen VALUES(769,'Lavada Predovic MD',45,1);
INSERT INTO citizen VALUES(770,'Alysson Erdman',83,1);
INSERT INTO citizen VALUES(771,'Asha Kuphal III',56,1);
INSERT INTO citizen VALUES(772,'Mr. Adolphus Lueilwitz Jr.',31,1);
INSERT INTO citizen VALUES(773,'Gerard Dare',5,1);
INSERT INTO citizen VALUES(774,'Jillian Bahringer',61,1);
INSERT INTO citizen VALUES(775,'Omer Bogisich',1,1);
INSERT INTO citizen VALUES(776,'Dr. Santos Ritchie DVM',98,1);
INSERT INTO citizen VALUES(777,'Teresa DuBuque',58,1);
INSERT INTO citizen VALUES(778,'August Pollich',91,1);
INSERT INTO citizen VALUES(779,'Jayce Skiles',94,1);
INSERT INTO citizen VALUES(780,'Bertha Deckow DDS',92,1);
INSERT INTO citizen VALUES(781,'Alanna Stark',2,1);
INSERT INTO citizen VALUES(782,'Antonetta Hodkiewicz',48,1);
INSERT INTO citizen VALUES(783,'Flavie West V',68,1);
INSERT INTO citizen VALUES(784,'Toby Emard',55,1);
INSERT INTO citizen VALUES(785,'Chesley Roob',87,1);
INSERT INTO citizen VALUES(786,'Bradley Nitzsche',7,1);
INSERT INTO citizen VALUES(787,'Mrs. Edythe Hahn',53,1);
INSERT INTO citizen VALUES(788,'Golda Halvorson PhD',30,1);
INSERT INTO citizen VALUES(789,'Michelle Batz',20,1);
INSERT INTO citizen VALUES(790,'Prof. Magdalen Erdman V',82,1);
INSERT INTO citizen VALUES(791,'Trisha Boehm IV',40,1);
INSERT INTO citizen VALUES(792,'Mr. Braxton Sporer IV',83,1);
INSERT INTO citizen VALUES(793,'Dr. Dorothy Mills',30,1);
INSERT INTO citizen VALUES(794,'Ms. Asia Mohr',94,1);
INSERT INTO citizen VALUES(795,'Reanna Yundt',22,1);
INSERT INTO citizen VALUES(796,'Reba Durgan MD',11,1);
INSERT INTO citizen VALUES(797,'Fred Kuhn Sr.',83,1);
INSERT INTO citizen VALUES(798,'Kari Mosciski',96,1);
INSERT INTO citizen VALUES(799,'Prof. Robbie Thiel',40,1);
INSERT INTO citizen VALUES(800,'Shawn Olson',89,1);
INSERT INTO citizen VALUES(801,'Miss Ruthe Cartwright',7,1);
INSERT INTO citizen VALUES(802,'Khalid Cormier I',15,1);
INSERT INTO citizen VALUES(803,'Annamarie Metz Sr.',53,1);
INSERT INTO citizen VALUES(804,'Gudrun Ullrich',61,1);
INSERT INTO citizen VALUES(805,'Sandrine Rice DDS',60,1);
INSERT INTO citizen VALUES(806,'Carolyne Erdman',100,1);
INSERT INTO citizen VALUES(807,'Palma Beer',57,1);
INSERT INTO citizen VALUES(808,'Mrs. Anna Nitzsche',19,1);
INSERT INTO citizen VALUES(809,'Buford Fay',78,1);
INSERT INTO citizen VALUES(810,'Miss Roma Hane',90,1);
INSERT INTO citizen VALUES(811,'Tevin Howell',30,1);
INSERT INTO citizen VALUES(812,'Dr. Cleveland Stamm',25,1);
INSERT INTO citizen VALUES(813,'Dr. Lempi Jakubowski Sr.',63,1);
INSERT INTO citizen VALUES(814,'Marlee Grimes',5,1);
INSERT INTO citizen VALUES(815,'Diana Kshlerin',21,1);
INSERT INTO citizen VALUES(816,'Prof. Ashlee Dare I',100,1);
INSERT INTO citizen VALUES(817,'Bettie Von',42,1);
INSERT INTO citizen VALUES(818,'Prof. Donald Lakin DDS',73,1);
INSERT INTO citizen VALUES(819,'Dr. Conrad McDermott Jr.',60,1);
INSERT INTO citizen VALUES(820,'Prof. Vergie Ritchie',37,1);
INSERT INTO citizen VALUES(821,'Jackie Dickinson',33,1);
INSERT INTO citizen VALUES(822,'Delia Sanford',13,1);
INSERT INTO citizen VALUES(823,'Tyler Prosacco II',61,1);
INSERT INTO citizen VALUES(824,'Oliver Harber DDS',73,1);
INSERT INTO citizen VALUES(825,'Miss Verona Moore',89,1);
INSERT INTO citizen VALUES(826,'Danyka Durgan',98,1);
INSERT INTO citizen VALUES(827,'Nicklaus Lueilwitz',33,1);
INSERT INTO citizen VALUES(828,'Kira Thiel',41,1);
INSERT INTO citizen VALUES(829,'Mr. Wyatt Blanda V',8,1);
INSERT INTO citizen VALUES(830,'Carmelo Bernhard',88,1);
INSERT INTO citizen VALUES(831,'Will Dare',44,1);
INSERT INTO citizen VALUES(832,'Miss Otilia Barrows I',22,1);
INSERT INTO citizen VALUES(833,'Santos Zboncak Jr.',60,1);
INSERT INTO citizen VALUES(834,'Don Nikolaus',76,1);
INSERT INTO citizen VALUES(835,'Chadd Barton',52,1);
INSERT INTO citizen VALUES(836,'Willie McGlynn',60,1);
INSERT INTO citizen VALUES(837,'Katlynn Grant',16,1);
INSERT INTO citizen VALUES(838,'Ms. Ashlynn Champlin III',42,1);
INSERT INTO citizen VALUES(839,'Arnaldo Bode',95,1);
INSERT INTO citizen VALUES(840,'Rubie Gibson PhD',31,1);
INSERT INTO citizen VALUES(841,'Mrs. Brandyn Kub',72,1);
INSERT INTO citizen VALUES(842,'Seth Lemke IV',14,1);
INSERT INTO citizen VALUES(843,'Dr. Dario Gislason',59,1);
INSERT INTO citizen VALUES(844,'Wendy Langworth',7,1);
INSERT INTO citizen VALUES(845,'Dorothy Sawayn',70,1);
INSERT INTO citizen VALUES(846,'Prof. Derick Hauck DDS',57,1);
INSERT INTO citizen VALUES(847,'Brianne Kertzmann',11,1);
INSERT INTO citizen VALUES(848,'Dr. Hazel Schneider',29,1);
INSERT INTO citizen VALUES(849,'Burnice McGlynn',9,1);
INSERT INTO citizen VALUES(850,'Prof. Kathryne Corkery',76,1);
INSERT INTO citizen VALUES(851,'Miss Ada Miller',23,1);
INSERT INTO citizen VALUES(852,'Mrs. Delilah Carroll IV',46,1);
INSERT INTO citizen VALUES(853,'Ms. Alexandrea Reilly',84,1);
INSERT INTO citizen VALUES(854,'Sam Douglas',100,1);
INSERT INTO citizen VALUES(855,'Annamarie Bins',25,1);
INSERT INTO citizen VALUES(856,'Ezekiel Jones Sr.',96,1);
INSERT INTO citizen VALUES(857,'Ramona Treutel Sr.',16,1);
INSERT INTO citizen VALUES(858,'Elyse Reinger IV',65,1);
INSERT INTO citizen VALUES(859,'Nannie Tillman',82,1);
INSERT INTO citizen VALUES(860,'Herbert Miller',43,1);
INSERT INTO citizen VALUES(861,'Salma Dietrich',4,1);
INSERT INTO citizen VALUES(862,'Robin Lockman',36,1);
INSERT INTO citizen VALUES(863,'Elijah Simonis',95,1);
INSERT INTO citizen VALUES(864,'Genesis Steuber',61,1);
INSERT INTO citizen VALUES(865,'Dr. Edwardo Conn DVM',64,1);
INSERT INTO citizen VALUES(866,'Sally McDermott',42,1);
INSERT INTO citizen VALUES(867,'Mr. Johnathan Lebsack',17,1);
INSERT INTO citizen VALUES(868,'Evalyn Lynch II',3,1);
INSERT INTO citizen VALUES(869,'Eldridge Rutherford',23,1);
INSERT INTO citizen VALUES(870,'Dr. Casimir Kerluke V',92,1);
INSERT INTO citizen VALUES(871,'Mr. Lew Gislason',34,1);
INSERT INTO citizen VALUES(872,'Mrs. Simone Bruen I',5,1);
INSERT INTO citizen VALUES(873,'Liam Hermann',7,1);
INSERT INTO citizen VALUES(874,'Richmond Lesch',59,1);
INSERT INTO citizen VALUES(875,'Prof. Ellen Stark Jr.',26,1);
INSERT INTO citizen VALUES(876,'Carmen Heaney',1,1);
INSERT INTO citizen VALUES(877,'Austyn Waelchi',32,1);
INSERT INTO citizen VALUES(878,'Nola Predovic II',47,1);
INSERT INTO citizen VALUES(879,'Rickey McClure',68,1);
INSERT INTO citizen VALUES(880,'Norbert Heaney III',69,1);
INSERT INTO citizen VALUES(881,'Geraldine Mohr DVM',3,1);
INSERT INTO citizen VALUES(882,'Evelyn Rice',73,1);
INSERT INTO citizen VALUES(883,'Tracy Sauer',7,1);
INSERT INTO citizen VALUES(884,'Johnathon King',96,1);
INSERT INTO citizen VALUES(885,'Laurie Cartwright',7,1);
INSERT INTO citizen VALUES(886,'Prof. Rodolfo Stanton',34,1);
INSERT INTO citizen VALUES(887,'Roxane Ferry',69,1);
INSERT INTO citizen VALUES(888,'Dr. Kirk Ward',24,1);
INSERT INTO citizen VALUES(889,'Prof. Alyce Goodwin DDS',43,1);
INSERT INTO citizen VALUES(890,'Raven Roob',86,1);
INSERT INTO citizen VALUES(891,'Lilliana Abshire',18,1);
INSERT INTO citizen VALUES(892,'Dr. Pinkie Roob DVM',100,1);
INSERT INTO citizen VALUES(893,'Dr. Cole Rutherford',36,1);
INSERT INTO citizen VALUES(894,'Lucius Ankunding',91,1);
INSERT INTO citizen VALUES(895,'Retta Hackett',18,1);
INSERT INTO citizen VALUES(896,'Hope Jenkins',31,1);
INSERT INTO citizen VALUES(897,'Maida Will',91,1);
INSERT INTO citizen VALUES(898,'Alessia Bashirian',94,1);
INSERT INTO citizen VALUES(899,'Francisca Schimmel',4,1);
INSERT INTO citizen VALUES(900,'Dr. Waldo Bernier III',95,1);
INSERT INTO citizen VALUES(901,'Stacy Doyle',94,1);
INSERT INTO citizen VALUES(902,'Shawna Olson',9,1);
INSERT INTO citizen VALUES(903,'Francis Yundt',27,1);
INSERT INTO citizen VALUES(904,'Ernesto Balistreri',84,1);
INSERT INTO citizen VALUES(905,'Jo Nienow',28,1);
INSERT INTO citizen VALUES(906,'Jana Blick',51,1);
INSERT INTO citizen VALUES(907,'Neva Waters',57,1);
INSERT INTO citizen VALUES(908,'Presley Weimann',92,1);
INSERT INTO citizen VALUES(909,'Miss Antonia Cartwright',25,1);
INSERT INTO citizen VALUES(910,'Dr. Nathanial Corkery III',40,1);
INSERT INTO citizen VALUES(911,'Miss Eileen Hamill',50,1);
INSERT INTO citizen VALUES(912,'Mrs. Amie Windler III',70,1);
INSERT INTO citizen VALUES(913,'Miss Santina Kunze DVM',18,1);
INSERT INTO citizen VALUES(914,'Jackson Gutmann',12,1);
INSERT INTO citizen VALUES(915,'Michele Lynch',42,1);
INSERT INTO citizen VALUES(916,'Waylon Schulist',8,1);
INSERT INTO citizen VALUES(917,'Dr. Akeem Reichert',83,1);
INSERT INTO citizen VALUES(918,'Miss Nellie Schamberger',76,1);
INSERT INTO citizen VALUES(919,'Pansy Labadie Sr.',81,1);
INSERT INTO citizen VALUES(920,'Nola Schaefer',27,1);
INSERT INTO citizen VALUES(921,'Leopoldo Koelpin',15,1);
INSERT INTO citizen VALUES(922,'Evalyn Hodkiewicz PhD',66,1);
INSERT INTO citizen VALUES(923,'Mrs. Karlee Raynor',57,1);
INSERT INTO citizen VALUES(924,'Irma Skiles',91,1);
INSERT INTO citizen VALUES(925,'Iva Stokes',70,1);
INSERT INTO citizen VALUES(926,'Everardo Goyette',1,1);
INSERT INTO citizen VALUES(927,'Cordie Bergnaum',54,1);
INSERT INTO citizen VALUES(928,'Mr. Adolfo Collier Jr.',35,1);
INSERT INTO citizen VALUES(929,'Leonor Paucek',90,1);
INSERT INTO citizen VALUES(930,'Emmie Hyatt',76,1);
INSERT INTO citizen VALUES(931,'Marcel Bins',78,1);
INSERT INTO citizen VALUES(932,'Prof. Oswaldo Mueller',59,1);
INSERT INTO citizen VALUES(933,'Ross Nitzsche',74,1);
INSERT INTO citizen VALUES(934,'Justyn Littel Jr.',41,1);
INSERT INTO citizen VALUES(935,'Mr. Timmothy Steuber III',28,1);
INSERT INTO citizen VALUES(936,'Alberta Abbott IV',45,1);
INSERT INTO citizen VALUES(937,'Prof. Carmen Heaney MD',58,1);
INSERT INTO citizen VALUES(938,'Beth Bahringer',60,1);
INSERT INTO citizen VALUES(939,'Dr. Rey Fay',41,1);
INSERT INTO citizen VALUES(940,'Dr. Arjun Gleichner',47,1);
INSERT INTO citizen VALUES(941,'Orville Bauch',13,1);
INSERT INTO citizen VALUES(942,'Karina Swift V',92,1);
INSERT INTO citizen VALUES(943,'Luisa Romaguera Sr.',6,1);
INSERT INTO citizen VALUES(944,'Nickolas Jenkins',5,1);
INSERT INTO citizen VALUES(945,'Shanny Mitchell',47,1);
INSERT INTO citizen VALUES(946,'Mercedes Connelly DVM',60,1);
INSERT INTO citizen VALUES(947,'Prof. Nelson Marvin',82,1);
INSERT INTO citizen VALUES(948,'Rupert Crooks',95,1);
INSERT INTO citizen VALUES(949,'Elinor Jakubowski',81,1);
INSERT INTO citizen VALUES(950,'Alf Hessel',12,1);
INSERT INTO citizen VALUES(951,'Ms. Martine Rodriguez',1,1);
INSERT INTO citizen VALUES(952,'Alexandria Satterfield',43,1);
INSERT INTO citizen VALUES(953,'Josue Wintheiser',30,1);
INSERT INTO citizen VALUES(954,'Dr. Frankie Rice',3,1);
INSERT INTO citizen VALUES(955,'Arnoldo Toy',81,1);
INSERT INTO citizen VALUES(956,'Mr. Devin Yost PhD',48,1);
INSERT INTO citizen VALUES(957,'Alvera Mayer',35,1);
INSERT INTO citizen VALUES(958,'Jensen Klein I',58,1);
INSERT INTO citizen VALUES(959,'Rodger Kemmer',26,1);
INSERT INTO citizen VALUES(960,'Eda Jerde Jr.',36,1);
INSERT INTO citizen VALUES(961,'Pansy Kuvalis',41,1);
INSERT INTO citizen VALUES(962,'Mrs. Adell Cronin III',19,1);
INSERT INTO citizen VALUES(963,'Jermain Kautzer',1,1);
INSERT INTO citizen VALUES(964,'Isai Kemmer',99,1);
INSERT INTO citizen VALUES(965,'Wendell Fahey',39,1);
INSERT INTO citizen VALUES(966,'Mr. Alan Ondricka',20,1);
INSERT INTO citizen VALUES(967,'Hobart Kshlerin',36,1);
INSERT INTO citizen VALUES(968,'Franco Breitenberg MD',11,1);
INSERT INTO citizen VALUES(969,'Prof. Abigail Wehner III',48,1);
INSERT INTO citizen VALUES(970,'Earnest Wintheiser',7,1);
INSERT INTO citizen VALUES(971,'Granville Dooley',40,1);
INSERT INTO citizen VALUES(972,'Deron West',77,1);
INSERT INTO citizen VALUES(973,'Cordia Beer',51,1);
INSERT INTO citizen VALUES(974,'Prof. Princess Kessler',11,1);
INSERT INTO citizen VALUES(975,'Dr. Marilyne Donnelly DVM',50,1);
INSERT INTO citizen VALUES(976,'Prof. Milo Abbott I',64,1);
INSERT INTO citizen VALUES(977,'Dr. Jovany Bashirian III',19,1);
INSERT INTO citizen VALUES(978,'Ms. Geraldine Sanford',47,1);
INSERT INTO citizen VALUES(979,'Mr. Don Murphy Jr.',94,1);
INSERT INTO citizen VALUES(980,'Izaiah Koch',49,1);
INSERT INTO citizen VALUES(981,'Dr. Lonzo Larson',63,1);
INSERT INTO citizen VALUES(982,'Dr. Conner Beer',20,1);
INSERT INTO citizen VALUES(983,'Ms. Katelyn Zemlak II',85,1);
INSERT INTO citizen VALUES(984,'Turner Gutmann',52,1);
INSERT INTO citizen VALUES(985,'Johan Feeney',67,1);
INSERT INTO citizen VALUES(986,'Dr. Scottie Predovic',64,1);
INSERT INTO citizen VALUES(987,'Sid Larkin',20,1);
INSERT INTO citizen VALUES(988,'Mrs. Karolann Bernier PhD',44,1);
INSERT INTO citizen VALUES(989,'Miss Freda Predovic DVM',75,1);
INSERT INTO citizen VALUES(990,'Alana Gutkowski',84,1);
INSERT INTO citizen VALUES(991,'Lula Bergstrom',69,1);
INSERT INTO citizen VALUES(992,'Bennett Hamill',13,1);
INSERT INTO citizen VALUES(993,'Colleen Torp',49,1);
INSERT INTO citizen VALUES(994,'Noah Reichel',88,1);
INSERT INTO citizen VALUES(995,'Dr. Skyla Barton',22,1);
INSERT INTO citizen VALUES(996,'Mertie Haag',55,1);
INSERT INTO citizen VALUES(997,'Berry Brakus',18,1);
INSERT INTO citizen VALUES(998,'Miss Mckayla Hettinger',55,1);
INSERT INTO citizen VALUES(999,'Llewellyn Cormier',69,1);
INSERT INTO citizen VALUES(1000,'Dr. Fritz Grimes Sr.',64,1);
INSERT INTO citizen VALUES(1001,'Dr. Quincy Green',94,1);
INSERT INTO citizen VALUES(1002,'Dr. Heath D''Amore',98,1);
INSERT INTO citizen VALUES(1003,'Macy Keebler',67,1);
INSERT INTO citizen VALUES(1004,'Hadley Hermann',18,1);
INSERT INTO citizen VALUES(1005,'Anahi Bartoletti',57,1);
INSERT INTO citizen VALUES(1006,'Prof. Jesus Hamill',77,1);
INSERT INTO citizen VALUES(1007,'Grover Durgan',98,1);
INSERT INTO citizen VALUES(1008,'Dr. Dolores Bauch PhD',30,1);
INSERT INTO citizen VALUES(1009,'Barney Kuhn III',81,1);
INSERT INTO citizen VALUES(1010,'Rhianna Sawayn',44,1);
INSERT INTO citizen VALUES(1011,'Vernon Kerluke',43,1);
INSERT INTO citizen VALUES(1012,'Lina Hegmann',74,1);
INSERT INTO citizen VALUES(1013,'Desmond Thompson',95,1);
INSERT INTO citizen VALUES(1014,'Tyrell Langosh',52,1);
INSERT INTO citizen VALUES(1015,'Mr. Korbin Ziemann Sr.',53,1);
INSERT INTO citizen VALUES(1016,'Treva Doyle',67,1);
INSERT INTO citizen VALUES(1017,'Miss Emilia Renner I',52,1);
INSERT INTO citizen VALUES(1018,'Rafaela Mann',45,1);
INSERT INTO citizen VALUES(1019,'Mr. Roscoe Brown',45,1);
INSERT INTO citizen VALUES(1020,'Nakia Goodwin',24,1);
INSERT INTO citizen VALUES(1021,'Saige Rodriguez',29,1);
INSERT INTO citizen VALUES(1022,'Deon Bartell IV',28,1);
INSERT INTO citizen VALUES(1023,'Stephany Yost',37,1);
INSERT INTO citizen VALUES(1024,'Maude Stokes',51,1);
INSERT INTO citizen VALUES(1025,'Francesca Mante',36,1);
INSERT INTO citizen VALUES(1026,'Birdie Prohaska',77,1);
INSERT INTO citizen VALUES(1027,'Christophe Swift',87,1);
INSERT INTO citizen VALUES(1028,'Junius Heathcote III',42,1);
INSERT INTO citizen VALUES(1029,'Mr. Hyman Hane',32,1);
INSERT INTO citizen VALUES(1030,'Jarod Reilly',54,1);
INSERT INTO citizen VALUES(1031,'Dr. Grover Tremblay',7,1);
INSERT INTO citizen VALUES(1032,'Dr. Elwin Romaguera',1,1);
INSERT INTO citizen VALUES(1033,'Destinee Weber',94,1);
INSERT INTO citizen VALUES(1034,'Angelica Ryan',73,1);
INSERT INTO citizen VALUES(1035,'Kevon Herman',46,1);
INSERT INTO citizen VALUES(1036,'Noah Bartell IV',8,1);
INSERT INTO citizen VALUES(1037,'Adah Dach',81,1);
INSERT INTO citizen VALUES(1038,'Lizzie Little',56,1);
INSERT INTO citizen VALUES(1039,'Geoffrey White',89,1);
INSERT INTO citizen VALUES(1040,'Prof. Layne Tremblay DDS',26,1);
INSERT INTO citizen VALUES(1041,'Garnet Roob IV',14,1);
INSERT INTO citizen VALUES(1042,'Alf Hegmann',40,1);
INSERT INTO citizen VALUES(1043,'Miss Georgiana Lynch IV',21,1);
INSERT INTO citizen VALUES(1044,'Kathryne Yost',69,1);
INSERT INTO citizen VALUES(1045,'Dario Nicolas',47,1);
INSERT INTO citizen VALUES(1046,'Alta Brakus',23,1);
INSERT INTO citizen VALUES(1047,'Nellie Romaguera',2,1);
INSERT INTO citizen VALUES(1048,'Prof. Matt Dickinson IV',20,1);
INSERT INTO citizen VALUES(1049,'Luciano Monahan',29,1);
INSERT INTO citizen VALUES(1050,'Chanelle Wiza',14,1);
INSERT INTO citizen VALUES(1051,'Prof. Raymond Ebert DVM',85,1);
INSERT INTO citizen VALUES(1052,'Tatyana Quitzon',5,1);
INSERT INTO citizen VALUES(1053,'Prof. Edwardo Langworth PhD',35,1);
INSERT INTO citizen VALUES(1054,'Raymond Bernhard',81,1);
INSERT INTO citizen VALUES(1055,'Brad Jerde PhD',71,1);
INSERT INTO citizen VALUES(1056,'Dr. Hosea Bartoletti',52,1);
INSERT INTO citizen VALUES(1057,'Laron Batz I',32,1);
INSERT INTO citizen VALUES(1058,'Justina Koss Sr.',52,1);
INSERT INTO citizen VALUES(1059,'Lula Johnston',72,1);
INSERT INTO citizen VALUES(1060,'Clark Cartwright',15,1);
INSERT INTO citizen VALUES(1061,'Norris Upton IV',53,1);
INSERT INTO citizen VALUES(1062,'Garfield Emmerich',50,1);
INSERT INTO citizen VALUES(1063,'Dr. Carol Gaylord',74,1);
INSERT INTO citizen VALUES(1064,'Elvera Purdy',16,1);
INSERT INTO citizen VALUES(1065,'Libby D''Amore',43,1);
INSERT INTO citizen VALUES(1066,'Mr. Dillon Jerde Jr.',5,1);
INSERT INTO citizen VALUES(1067,'Adaline Kertzmann',28,1);
INSERT INTO citizen VALUES(1068,'Devin Daniel',22,1);
INSERT INTO citizen VALUES(1069,'Kory Dickinson',3,1);
INSERT INTO citizen VALUES(1070,'Dr. Blake Mohr',78,1);
INSERT INTO citizen VALUES(1071,'Dr. Herminio Gusikowski III',75,1);
INSERT INTO citizen VALUES(1072,'Keith Johnson',37,1);
INSERT INTO citizen VALUES(1073,'Ms. Antonetta Mills Sr.',41,1);
INSERT INTO citizen VALUES(1074,'Mr. Rod Ruecker II',14,1);
INSERT INTO citizen VALUES(1075,'Ms. Jolie Balistreri',9,1);
INSERT INTO citizen VALUES(1076,'Dr. Lucie Heathcote Jr.',88,1);
INSERT INTO citizen VALUES(1077,'Alexis Hyatt',52,1);
INSERT INTO citizen VALUES(1078,'Brody Stark',12,1);
INSERT INTO citizen VALUES(1079,'Logan Kuhn DDS',53,1);
INSERT INTO citizen VALUES(1080,'Kiley Deckow PhD',13,1);
INSERT INTO citizen VALUES(1081,'Mr. Jensen Greenholt I',14,1);
INSERT INTO citizen VALUES(1082,'Dr. Olaf Baumbach V',41,1);
INSERT INTO citizen VALUES(1083,'Gregory Paucek',58,1);
INSERT INTO citizen VALUES(1084,'Dr. Carmel Ebert',93,1);
INSERT INTO citizen VALUES(1085,'Alessandra Sporer Jr.',93,1);
INSERT INTO citizen VALUES(1086,'Dr. Terrill Bradtke',43,1);
INSERT INTO citizen VALUES(1087,'Retha Volkman',46,1);
INSERT INTO citizen VALUES(1088,'Ms. Veronica Huel',20,1);
INSERT INTO citizen VALUES(1089,'Jay Durgan',77,1);
INSERT INTO citizen VALUES(1090,'Dr. Ardith Barton',92,1);
INSERT INTO citizen VALUES(1091,'Chyna Rohan',19,1);
INSERT INTO citizen VALUES(1092,'Ms. Katlyn Schiller',10,1);
INSERT INTO citizen VALUES(1093,'Susanna Streich',21,1);
INSERT INTO citizen VALUES(1094,'Shaun Schumm',1,1);
INSERT INTO citizen VALUES(1095,'Mrs. Therese Bartell III',50,1);
INSERT INTO citizen VALUES(1096,'Tremaine Maggio MD',9,1);
INSERT INTO citizen VALUES(1097,'Glenda Ankunding',16,1);
INSERT INTO citizen VALUES(1098,'Lucie Murray',3,1);
INSERT INTO citizen VALUES(1099,'Letha Senger',32,1);
INSERT INTO citizen VALUES(1100,'Mr. Myrl Grant I',65,1);
INSERT INTO citizen VALUES(1101,'Daniela Will',75,1);
INSERT INTO citizen VALUES(1102,'Mrs. Agnes Wuckert DVM',2,1);
INSERT INTO citizen VALUES(1103,'Ford Reichert',68,1);
INSERT INTO citizen VALUES(1104,'Xzavier Ortiz',57,1);
INSERT INTO citizen VALUES(1105,'Juana Bartoletti',31,1);
INSERT INTO citizen VALUES(1106,'Mya Ferry',65,1);
INSERT INTO citizen VALUES(1107,'Miss Linda Heathcote Sr.',52,1);
INSERT INTO citizen VALUES(1108,'Elody Abbott II',71,1);
INSERT INTO citizen VALUES(1109,'Manuela O''Conner',54,1);
INSERT INTO citizen VALUES(1110,'Dr. Louvenia Torphy',57,1);
INSERT INTO citizen VALUES(1111,'Mrs. Aliya Kuphal',63,1);
INSERT INTO citizen VALUES(1112,'Anais Padberg Jr.',17,1);
INSERT INTO citizen VALUES(1113,'Alessandra Block',4,1);
INSERT INTO citizen VALUES(1114,'Idell Pollich',29,1);
INSERT INTO citizen VALUES(1115,'Maud Bogisich',16,1);
INSERT INTO citizen VALUES(1116,'Jacquelyn O''Reilly DDS',96,1);
INSERT INTO citizen VALUES(1117,'Flavie Breitenberg',25,1);
INSERT INTO citizen VALUES(1118,'Kian Waters',17,1);
INSERT INTO citizen VALUES(1119,'Ora Ledner',76,1);
INSERT INTO citizen VALUES(1120,'Marianna Hackett',1,1);
INSERT INTO citizen VALUES(1121,'Mr. Jeffery Larkin',34,1);
INSERT INTO citizen VALUES(1122,'Euna Turcotte Jr.',55,1);
INSERT INTO citizen VALUES(1123,'Joey Pfannerstill',39,1);
INSERT INTO citizen VALUES(1124,'Zoey Ledner',82,1);
INSERT INTO citizen VALUES(1125,'Rebekah Reichel V',20,1);
INSERT INTO citizen VALUES(1126,'Janelle Stanton MD',77,1);
INSERT INTO citizen VALUES(1127,'Kennith Ratke',40,1);
INSERT INTO citizen VALUES(1128,'Felicita Bahringer',18,1);
INSERT INTO citizen VALUES(1129,'Murl Wisoky',62,1);
INSERT INTO citizen VALUES(1130,'Ila Cummerata II',62,1);
INSERT INTO citizen VALUES(1131,'Mrs. Makayla Kemmer Jr.',100,1);
INSERT INTO citizen VALUES(1132,'Priscilla Stehr',19,1);
INSERT INTO citizen VALUES(1133,'Dr. Jermaine O''Connell',61,1);
INSERT INTO citizen VALUES(1134,'Odie Gottlieb',1,1);
INSERT INTO citizen VALUES(1135,'Prof. Beulah Abshire',69,1);
INSERT INTO citizen VALUES(1136,'Loren Hane Jr.',9,1);
INSERT INTO citizen VALUES(1137,'Olaf Reilly',91,1);
INSERT INTO citizen VALUES(1138,'Kayden Stehr',66,1);
INSERT INTO citizen VALUES(1139,'Prof. Ernie D''Amore',78,1);
INSERT INTO citizen VALUES(1140,'Prof. Willie Mante IV',80,1);
INSERT INTO citizen VALUES(1141,'Shane Wilkinson',15,1);
INSERT INTO citizen VALUES(1142,'Zachary Kunze MD',96,1);
INSERT INTO citizen VALUES(1143,'Florida Feest',4,1);
INSERT INTO citizen VALUES(1144,'Dr. Blaze Witting Jr.',11,1);
INSERT INTO citizen VALUES(1145,'Kaia Wiza II',97,1);
INSERT INTO citizen VALUES(1146,'Dr. Tremayne Fisher IV',28,1);
INSERT INTO citizen VALUES(1147,'Fleta Bauch',57,1);
INSERT INTO citizen VALUES(1148,'Ms. Brenna Hayes Sr.',72,1);
INSERT INTO citizen VALUES(1149,'Chelsie Dare',50,1);
INSERT INTO citizen VALUES(1150,'Roxanne Nolan PhD',54,1);
INSERT INTO citizen VALUES(1151,'Alexandra Marquardt',49,1);
INSERT INTO citizen VALUES(1152,'Larissa Metz',87,1);
INSERT INTO citizen VALUES(1153,'Mrs. Annette Towne',43,1);
INSERT INTO citizen VALUES(1154,'Dr. Jonas Hahn',55,1);
INSERT INTO citizen VALUES(1155,'Effie Bode',79,1);
INSERT INTO citizen VALUES(1156,'Triston Heathcote',10,1);
INSERT INTO citizen VALUES(1157,'Buford Heathcote',42,1);
INSERT INTO citizen VALUES(1158,'Kyra Nienow',25,1);
INSERT INTO citizen VALUES(1159,'Yasmine Kiehn',58,1);
INSERT INTO citizen VALUES(1160,'Mr. Carmine Swift PhD',73,1);
INSERT INTO citizen VALUES(1161,'Sunny Mitchell',72,1);
INSERT INTO citizen VALUES(1162,'Prof. Werner Sipes',3,1);
INSERT INTO citizen VALUES(1163,'Sasha Hartmann',84,1);
INSERT INTO citizen VALUES(1164,'Mr. Presley Langosh V',3,1);
INSERT INTO citizen VALUES(1165,'Mr. Roel Hartmann MD',42,1);
INSERT INTO citizen VALUES(1166,'Dr. Lincoln Quitzon Jr.',8,1);
INSERT INTO citizen VALUES(1167,'Damion Mraz',98,1);
INSERT INTO citizen VALUES(1168,'Dr. Harley Hyatt DVM',60,1);
INSERT INTO citizen VALUES(1169,'Jaclyn Ziemann',52,1);
INSERT INTO citizen VALUES(1170,'Kaitlyn Hoppe',57,1);
INSERT INTO citizen VALUES(1171,'Marlene Beahan',17,1);
INSERT INTO citizen VALUES(1172,'Cristobal Kunze',86,1);
INSERT INTO citizen VALUES(1173,'Glenda Lueilwitz',16,1);
INSERT INTO citizen VALUES(1174,'Carolyne Keeling',29,1);
INSERT INTO citizen VALUES(1175,'Mrs. Carlee Hahn Jr.',82,1);
INSERT INTO citizen VALUES(1176,'Prof. Dante Bernier MD',13,1);
INSERT INTO citizen VALUES(1177,'Crystel Gleason V',64,1);
INSERT INTO citizen VALUES(1178,'Ima Mante',18,1);
INSERT INTO citizen VALUES(1179,'Jazmyn Heathcote',6,1);
INSERT INTO citizen VALUES(1180,'Miss Margret Hayes V',54,1);
INSERT INTO citizen VALUES(1181,'Muriel Murphy',67,1);
INSERT INTO citizen VALUES(1182,'Matt Mohr',97,1);
INSERT INTO citizen VALUES(1183,'Dora Beahan',98,1);
INSERT INTO citizen VALUES(1184,'Julianne Jacobs',6,1);
INSERT INTO citizen VALUES(1185,'Willy Nienow',50,1);
INSERT INTO citizen VALUES(1186,'Jo Wisozk',94,1);
INSERT INTO citizen VALUES(1187,'Jonas Heidenreich',15,1);
INSERT INTO citizen VALUES(1188,'Marjory Waelchi',7,1);
INSERT INTO citizen VALUES(1189,'Layne Flatley',5,1);
INSERT INTO citizen VALUES(1190,'Hassan Sawayn PhD',84,1);
INSERT INTO citizen VALUES(1191,'Ms. Susanna Larson',91,1);
INSERT INTO citizen VALUES(1192,'Geovanni Cummings',83,1);
INSERT INTO citizen VALUES(1193,'Patience Rodriguez Jr.',17,1);
INSERT INTO citizen VALUES(1194,'Dr. Laverna Moen IV',88,1);
INSERT INTO citizen VALUES(1195,'Hazel Pacocha',87,1);
INSERT INTO citizen VALUES(1196,'Rebeka Cormier Sr.',1,1);
INSERT INTO citizen VALUES(1197,'Mr. Bobbie Heathcote DDS',22,1);
INSERT INTO citizen VALUES(1198,'Maria Rolfson',51,1);
INSERT INTO citizen VALUES(1199,'Shaun Grimes IV',77,1);
INSERT INTO citizen VALUES(1200,'Joshua Welch',31,1);
INSERT INTO citizen VALUES(1201,'Annabelle Dickens',66,1);
INSERT INTO citizen VALUES(1202,'Hilario Prohaska',34,1);
INSERT INTO citizen VALUES(1203,'Mrs. Trudie Harris',99,1);
INSERT INTO citizen VALUES(1204,'Dr. Tyree Volkman',40,1);
INSERT INTO citizen VALUES(1205,'Litzy Hudson',20,1);
INSERT INTO citizen VALUES(1206,'Zetta Mante',36,1);
INSERT INTO citizen VALUES(1207,'Dr. Clemens Tillman I',17,1);
INSERT INTO citizen VALUES(1208,'Jamal Boyer',26,1);
INSERT INTO citizen VALUES(1209,'Miss Loraine Gibson IV',38,1);
INSERT INTO citizen VALUES(1210,'Carolina Strosin',13,1);
INSERT INTO citizen VALUES(1211,'Delfina Welch',5,1);
INSERT INTO citizen VALUES(1212,'Kaitlin Baumbach',8,1);
INSERT INTO citizen VALUES(1213,'Casper Dicki',80,1);
INSERT INTO citizen VALUES(1214,'Cydney Treutel Jr.',53,1);
INSERT INTO citizen VALUES(1215,'Bertram Corkery',6,1);
INSERT INTO citizen VALUES(1216,'Johathan Rutherford IV',60,1);
INSERT INTO citizen VALUES(1217,'Mr. Terence Bogisich PhD',60,1);
INSERT INTO citizen VALUES(1218,'Mac Thompson DVM',4,1);
INSERT INTO citizen VALUES(1219,'Jonas Monahan Sr.',10,1);
INSERT INTO citizen VALUES(1220,'Hulda Kuphal III',24,1);
INSERT INTO citizen VALUES(1221,'Ewald McLaughlin PhD',42,1);
INSERT INTO citizen VALUES(1222,'Mr. Philip Hoppe DVM',62,1);
INSERT INTO citizen VALUES(1223,'Dolores Bartoletti',49,1);
INSERT INTO citizen VALUES(1224,'Gretchen Hodkiewicz',98,1);
INSERT INTO citizen VALUES(1225,'Lynn Berge',39,1);
INSERT INTO citizen VALUES(1226,'Dr. Alta Kihn DDS',81,1);
INSERT INTO citizen VALUES(1227,'Dr. Leo Schaden',51,1);
INSERT INTO citizen VALUES(1228,'Magali Heathcote',91,1);
INSERT INTO citizen VALUES(1229,'Lorine Luettgen',21,1);
INSERT INTO citizen VALUES(1230,'Noemy Olson',53,1);
INSERT INTO citizen VALUES(1231,'Jerrell Baumbach Sr.',10,1);
INSERT INTO citizen VALUES(1232,'Orlo Thompson Sr.',98,1);
INSERT INTO citizen VALUES(1233,'Mrs. Sincere Schuster III',38,1);
INSERT INTO citizen VALUES(1234,'Mr. Stefan Rohan',76,1);
INSERT INTO citizen VALUES(1235,'Marilyne Turcotte',56,1);
INSERT INTO citizen VALUES(1236,'Mr. Rashad Larson',9,1);
INSERT INTO citizen VALUES(1237,'Dedric Legros V',23,1);
INSERT INTO citizen VALUES(1238,'Norval Ruecker',71,1);
INSERT INTO citizen VALUES(1239,'Leo Frami DVM',88,1);
INSERT INTO citizen VALUES(1240,'Madalyn Lakin',13,1);
INSERT INTO citizen VALUES(1241,'Tyrell Stiedemann V',2,1);
INSERT INTO citizen VALUES(1242,'Imani Medhurst III',80,1);
INSERT INTO citizen VALUES(1243,'Kyra Greenfelder DDS',62,1);
INSERT INTO citizen VALUES(1244,'Prof. Sven Koepp I',1,1);
INSERT INTO citizen VALUES(1245,'Bret Lakin',27,1);
INSERT INTO citizen VALUES(1246,'Dr. Arely Langworth Jr.',5,1);
INSERT INTO citizen VALUES(1247,'Monica Metz',17,1);
INSERT INTO citizen VALUES(1248,'Horacio Wolf',36,1);
INSERT INTO citizen VALUES(1249,'Viva Balistreri',72,1);
INSERT INTO citizen VALUES(1250,'Miss Josiane Tillman',15,1);
INSERT INTO citizen VALUES(1251,'Estrella Zemlak',15,1);
INSERT INTO citizen VALUES(1252,'Edwina Zemlak',47,1);
INSERT INTO citizen VALUES(1253,'Dr. Janiya Mertz',62,1);
INSERT INTO citizen VALUES(1254,'Jackson Lynch IV',2,1);
INSERT INTO citizen VALUES(1255,'Tracey Abshire',60,1);
INSERT INTO citizen VALUES(1256,'German Eichmann I',98,1);
INSERT INTO citizen VALUES(1257,'Mrs. Beryl Hilpert',31,1);
INSERT INTO citizen VALUES(1258,'Lambert Ruecker',21,1);
INSERT INTO citizen VALUES(1259,'Alexis Rosenbaum',37,1);
INSERT INTO citizen VALUES(1260,'Mr. Davonte Braun',18,1);
INSERT INTO citizen VALUES(1261,'Wilford Little',56,1);
INSERT INTO citizen VALUES(1262,'Shanna Kunze IV',74,1);
INSERT INTO citizen VALUES(1263,'Nettie Walsh',96,1);
INSERT INTO citizen VALUES(1264,'Giovanny Koch',25,1);
INSERT INTO citizen VALUES(1265,'Katherine Windler',48,1);
INSERT INTO citizen VALUES(1266,'Vella Pfeffer',18,1);
INSERT INTO citizen VALUES(1267,'Barrett Blanda III',46,1);
INSERT INTO citizen VALUES(1268,'Edwin O''Conner',9,1);
INSERT INTO citizen VALUES(1269,'Abraham Rippin',83,1);
INSERT INTO citizen VALUES(1270,'Nedra Daugherty',33,1);
INSERT INTO citizen VALUES(1271,'Mrs. Jaqueline Littel',43,1);
INSERT INTO citizen VALUES(1272,'Zena Schuppe',3,1);
INSERT INTO citizen VALUES(1273,'Guadalupe Lesch',21,1);
INSERT INTO citizen VALUES(1274,'Dr. Marlon Connelly DVM',49,1);
INSERT INTO citizen VALUES(1275,'Werner Donnelly',34,1);
INSERT INTO citizen VALUES(1276,'Ms. Alayna Morissette V',88,1);
INSERT INTO citizen VALUES(1277,'Craig Kihn',16,1);
INSERT INTO citizen VALUES(1278,'Dr. Ernie Huels',98,1);
INSERT INTO citizen VALUES(1279,'Dr. Skylar Vandervort IV',87,1);
INSERT INTO citizen VALUES(1280,'Danny Romaguera',47,1);
INSERT INTO citizen VALUES(1281,'Vernie Zboncak',11,1);
INSERT INTO citizen VALUES(1282,'Ms. Fiona Schowalter',54,1);
INSERT INTO citizen VALUES(1283,'Stan Sanford Sr.',53,1);
INSERT INTO citizen VALUES(1284,'Brenden Leuschke IV',44,1);
INSERT INTO citizen VALUES(1285,'Prof. Sister Aufderhar',70,1);
INSERT INTO citizen VALUES(1286,'Dorothea McKenzie',3,1);
INSERT INTO citizen VALUES(1287,'Samir Thompson',88,1);
INSERT INTO citizen VALUES(1288,'Athena Funk',96,1);
INSERT INTO citizen VALUES(1289,'Marcos Upton',99,1);
INSERT INTO citizen VALUES(1290,'Prof. Vernon Zboncak',56,1);
INSERT INTO citizen VALUES(1291,'Aylin Spencer',1,1);
INSERT INTO citizen VALUES(1292,'Fae Leuschke',30,1);
INSERT INTO citizen VALUES(1293,'Selmer Osinski Jr.',7,1);
INSERT INTO citizen VALUES(1294,'Darrel Ruecker',77,1);
INSERT INTO citizen VALUES(1295,'Dr. Candido Stamm',98,1);
INSERT INTO citizen VALUES(1296,'Miss Arlie Gislason',67,1);
INSERT INTO citizen VALUES(1297,'Edwardo Raynor',22,1);
INSERT INTO citizen VALUES(1298,'Florencio Crona',94,1);
INSERT INTO citizen VALUES(1299,'Connor Jacobson',36,1);
INSERT INTO citizen VALUES(1300,'Bonnie Casper',17,1);
INSERT INTO citizen VALUES(1301,'Gabriella Wiegand',81,1);
INSERT INTO citizen VALUES(1302,'Dominic Bosco III',85,1);
INSERT INTO citizen VALUES(1303,'Rod Grant I',70,1);
INSERT INTO citizen VALUES(1304,'Alayna Hayes',11,1);
INSERT INTO citizen VALUES(1305,'Sophia Greenholt II',99,1);
INSERT INTO citizen VALUES(1306,'Johnnie Williamson',4,1);
INSERT INTO citizen VALUES(1307,'Hettie Glover',22,1);
INSERT INTO citizen VALUES(1308,'Dovie Gerlach',86,1);
INSERT INTO citizen VALUES(1309,'Dustin Hintz',98,1);
INSERT INTO citizen VALUES(1310,'Mr. Frederic Morar IV',43,1);
INSERT INTO citizen VALUES(1311,'Constance Jenkins',50,1);
INSERT INTO citizen VALUES(1312,'Dr. Alejandrin Rice DVM',10,1);
INSERT INTO citizen VALUES(1313,'Kaelyn Luettgen',35,1);
INSERT INTO citizen VALUES(1314,'Shakira Gutkowski',18,1);
INSERT INTO citizen VALUES(1315,'Brain Heathcote',9,1);
INSERT INTO citizen VALUES(1316,'Miss Josefa Langworth',4,1);
INSERT INTO citizen VALUES(1317,'Mrs. Camille Wiegand',39,1);
INSERT INTO citizen VALUES(1318,'Mr. Alexandro Mraz II',63,1);
INSERT INTO citizen VALUES(1319,'Tomasa Kulas',68,1);
INSERT INTO citizen VALUES(1320,'Alivia Gleichner',87,1);
INSERT INTO citizen VALUES(1321,'Mossie Rodriguez',49,1);
INSERT INTO citizen VALUES(1322,'Eunice Ward',7,1);
INSERT INTO citizen VALUES(1323,'Athena Schuster',10,1);
INSERT INTO citizen VALUES(1324,'Dr. Vernon Tremblay III',73,1);
INSERT INTO citizen VALUES(1325,'Alexandre Dare Sr.',42,1);
INSERT INTO citizen VALUES(1326,'Nona Swaniawski V',6,1);
INSERT INTO citizen VALUES(1327,'Prof. Dean Fritsch',72,1);
INSERT INTO citizen VALUES(1328,'Juvenal Zboncak MD',50,1);
INSERT INTO citizen VALUES(1329,'Prof. Alek Zemlak',1,1);
INSERT INTO citizen VALUES(1330,'Krystel Emmerich',13,1);
INSERT INTO citizen VALUES(1331,'Carlotta Walker',34,1);
INSERT INTO citizen VALUES(1332,'Lexi Konopelski',50,1);
INSERT INTO citizen VALUES(1333,'Glennie O''Conner',98,1);
INSERT INTO citizen VALUES(1334,'Ezra Pagac',24,1);
INSERT INTO citizen VALUES(1335,'Darrell Kuhn III',73,1);
INSERT INTO citizen VALUES(1336,'Thad Leffler',69,1);
INSERT INTO citizen VALUES(1337,'Ike Crona',16,1);
INSERT INTO citizen VALUES(1338,'Prof. Bernardo Sanford',6,1);
INSERT INTO citizen VALUES(1339,'Elizabeth Heaney',68,1);
INSERT INTO citizen VALUES(1340,'Mr. Soledad Cassin DDS',20,1);
INSERT INTO citizen VALUES(1341,'Ada Lindgren',45,1);
INSERT INTO citizen VALUES(1342,'Albertha Mann',10,1);
INSERT INTO citizen VALUES(1343,'Mrs. Ivory Ward III',50,1);
INSERT INTO citizen VALUES(1344,'Armand Wintheiser DVM',70,1);
INSERT INTO citizen VALUES(1345,'Ms. Nayeli Baumbach DDS',95,1);
INSERT INTO citizen VALUES(1346,'Sofia Hammes',65,1);
INSERT INTO citizen VALUES(1347,'Prof. Arturo Morar',25,1);
INSERT INTO citizen VALUES(1348,'Eda Mann',20,1);
INSERT INTO citizen VALUES(1349,'Edyth Reilly',90,1);
INSERT INTO citizen VALUES(1350,'Miss Valentina Hansen DVM',23,1);
INSERT INTO citizen VALUES(1351,'Jasper Jenkins',29,1);
INSERT INTO citizen VALUES(1352,'Mrs. Matilde Balistreri',9,1);
INSERT INTO citizen VALUES(1353,'Prof. Margarete Mohr DVM',100,1);
INSERT INTO citizen VALUES(1354,'Miss Dasia Windler II',25,1);
INSERT INTO citizen VALUES(1355,'Bette Runolfsson',66,1);
INSERT INTO citizen VALUES(1356,'Baylee Gulgowski',38,1);
INSERT INTO citizen VALUES(1357,'Alfred Hansen',59,1);
INSERT INTO citizen VALUES(1358,'Domenic Skiles',98,1);
INSERT INTO citizen VALUES(1359,'Koby Strosin',9,1);
INSERT INTO citizen VALUES(1360,'Prof. Joyce Kunze MD',88,1);
INSERT INTO citizen VALUES(1361,'Bill Lemke',91,1);
INSERT INTO citizen VALUES(1362,'Prof. Vivianne Mann DDS',71,1);
INSERT INTO citizen VALUES(1363,'Angeline Sipes',74,1);
INSERT INTO citizen VALUES(1364,'Coy Goldner',54,1);
INSERT INTO citizen VALUES(1365,'Miss Marisa Hill',34,1);
INSERT INTO citizen VALUES(1366,'Myrtis Kling MD',31,1);
INSERT INTO citizen VALUES(1367,'Dr. Tyrell Barton PhD',89,1);
INSERT INTO citizen VALUES(1368,'Dulce Tillman',29,1);
INSERT INTO citizen VALUES(1369,'Dr. Destiny Stiedemann PhD',1,1);
INSERT INTO citizen VALUES(1370,'Dr. Jeff Rice II',69,1);
INSERT INTO citizen VALUES(1371,'Lilyan Feest',67,1);
INSERT INTO citizen VALUES(1372,'Kacey Glover',78,1);
INSERT INTO citizen VALUES(1373,'Jana Kunde',19,1);
INSERT INTO citizen VALUES(1374,'Chadd Dickinson II',97,1);
INSERT INTO citizen VALUES(1375,'Mr. Otho Ebert II',73,1);
INSERT INTO citizen VALUES(1376,'Dominic Bailey',21,1);
INSERT INTO citizen VALUES(1377,'Laurine Pollich',50,1);
INSERT INTO citizen VALUES(1378,'Green Morissette DVM',99,1);
INSERT INTO citizen VALUES(1379,'Mr. Melvin Huels',61,1);
INSERT INTO citizen VALUES(1380,'Dr. Jaylan Spencer',79,1);
INSERT INTO citizen VALUES(1381,'Adrianna Koepp DVM',70,1);
INSERT INTO citizen VALUES(1382,'Unique Sipes',47,1);
INSERT INTO citizen VALUES(1383,'Ferne Bashirian MD',34,1);
INSERT INTO citizen VALUES(1384,'Rodger Buckridge',72,1);
INSERT INTO citizen VALUES(1385,'Otto Roob',82,1);
INSERT INTO citizen VALUES(1386,'Jaunita Torphy',40,1);
INSERT INTO citizen VALUES(1387,'Sharon Raynor',63,1);
INSERT INTO citizen VALUES(1388,'Garry Moore',38,1);
INSERT INTO citizen VALUES(1389,'Lee Rogahn',6,1);
INSERT INTO citizen VALUES(1390,'Hulda Gutkowski',44,1);
INSERT INTO citizen VALUES(1391,'Laila Mante DVM',53,1);
INSERT INTO citizen VALUES(1392,'Dr. Lori Donnelly',6,1);
INSERT INTO citizen VALUES(1393,'Miss Marge Schneider',16,1);
INSERT INTO citizen VALUES(1394,'Mrs. Julianne Schiller',9,1);
INSERT INTO citizen VALUES(1395,'Nyah Gerhold',84,1);
INSERT INTO citizen VALUES(1396,'Mr. Jocelyn Bernhard DDS',49,1);
INSERT INTO citizen VALUES(1397,'Mario Franecki',4,1);
INSERT INTO citizen VALUES(1398,'Ms. Mariana Glover',85,1);
INSERT INTO citizen VALUES(1399,'Dr. Murray Johnston I',11,1);
INSERT INTO citizen VALUES(1400,'Margarette Reichert',26,1);
INSERT INTO citizen VALUES(1401,'Alejandrin Homenick',53,1);
INSERT INTO citizen VALUES(1402,'Anibal Fadel',89,1);
INSERT INTO citizen VALUES(1403,'Athena Kuhlman',56,1);
INSERT INTO citizen VALUES(1404,'Dangelo Lowe Sr.',12,1);
INSERT INTO citizen VALUES(1405,'Sebastian Ebert V',50,1);
INSERT INTO citizen VALUES(1406,'Miss Kacie Barton Sr.',37,1);
INSERT INTO citizen VALUES(1407,'Sylvan Quitzon',97,1);
INSERT INTO citizen VALUES(1408,'Mrs. Alexandrine Moen',27,1);
INSERT INTO citizen VALUES(1409,'Kaia Swift',8,1);
INSERT INTO citizen VALUES(1410,'Jeanette Wiza DVM',93,1);
INSERT INTO citizen VALUES(1411,'Carmella Legros DVM',84,1);
INSERT INTO citizen VALUES(1412,'Orlando Kub',70,1);
INSERT INTO citizen VALUES(1413,'Dr. Soledad Hayes MD',26,1);
INSERT INTO citizen VALUES(1414,'Pierce Huels',55,1);
INSERT INTO citizen VALUES(1415,'Ms. Eudora Jacobi MD',100,1);
INSERT INTO citizen VALUES(1416,'Rosella O''Connell',79,1);
INSERT INTO citizen VALUES(1417,'Dr. Jazmin Lebsack DVM',41,1);
INSERT INTO citizen VALUES(1418,'Ms. Phyllis Leannon DDS',70,1);
INSERT INTO citizen VALUES(1419,'Angelo Morar',86,1);
INSERT INTO citizen VALUES(1420,'Mr. Erin Smith I',57,1);
INSERT INTO citizen VALUES(1421,'Dr. Manley Wuckert',48,1);
INSERT INTO citizen VALUES(1422,'Miss Annabelle Turcotte',71,1);
INSERT INTO citizen VALUES(1423,'Jaycee Yundt',18,1);
INSERT INTO citizen VALUES(1424,'Pablo Schuster',34,1);
INSERT INTO citizen VALUES(1425,'Ofelia Okuneva',1,1);
INSERT INTO citizen VALUES(1426,'Mr. Harmon Stehr',11,1);
INSERT INTO citizen VALUES(1427,'Prof. Enos Cummerata',62,1);
INSERT INTO citizen VALUES(1428,'Orville Haley',34,1);
INSERT INTO citizen VALUES(1429,'Nina Harris',12,1);
INSERT INTO citizen VALUES(1430,'Madisyn Bartoletti MD',65,1);
INSERT INTO citizen VALUES(1431,'Mr. Carol Huels II',77,1);
INSERT INTO citizen VALUES(1432,'Joshuah Stark Jr.',39,1);
INSERT INTO citizen VALUES(1433,'Kiara Robel DVM',65,1);
INSERT INTO citizen VALUES(1434,'Eleazar Hill',7,1);
INSERT INTO citizen VALUES(1435,'Jayda VonRueden',19,1);
INSERT INTO citizen VALUES(1436,'Haven Frami',9,1);
INSERT INTO citizen VALUES(1437,'Eino Kautzer',82,1);
INSERT INTO citizen VALUES(1438,'Cornelius Funk',94,1);
INSERT INTO citizen VALUES(1439,'Dr. Mafalda Abbott',23,1);
INSERT INTO citizen VALUES(1440,'Michaela Koepp',16,1);
INSERT INTO citizen VALUES(1441,'Rhett Huels',37,1);
INSERT INTO citizen VALUES(1442,'Lauryn Bednar II',4,1);
INSERT INTO citizen VALUES(1443,'Ms. Libby Hauck DVM',28,1);
INSERT INTO citizen VALUES(1444,'Roberto O''Hara',45,1);
INSERT INTO citizen VALUES(1445,'Miss Raina Crona DVM',39,1);
INSERT INTO citizen VALUES(1446,'Prof. Charley Krajcik I',22,1);
INSERT INTO citizen VALUES(1447,'Stefan Mayert II',89,1);
INSERT INTO citizen VALUES(1448,'Marvin Schuster IV',76,1);
INSERT INTO citizen VALUES(1449,'Dr. Ettie Lemke',59,1);
INSERT INTO citizen VALUES(1450,'Prof. Myles Hudson MD',53,1);
INSERT INTO citizen VALUES(1451,'Keith Maggio',8,1);
INSERT INTO citizen VALUES(1452,'Yoshiko Oberbrunner',95,1);
INSERT INTO citizen VALUES(1453,'Danyka Lebsack',3,1);
INSERT INTO citizen VALUES(1454,'Kay Cormier',98,1);
INSERT INTO citizen VALUES(1455,'Carlie Kassulke',70,1);
INSERT INTO citizen VALUES(1456,'Mrs. Virginie Schinner',75,1);
INSERT INTO citizen VALUES(1457,'Prof. Rhett Mueller',51,1);
INSERT INTO citizen VALUES(1458,'Ben Homenick',56,1);
INSERT INTO citizen VALUES(1459,'Rosalind Huels',58,1);
INSERT INTO citizen VALUES(1460,'Jean Shanahan Sr.',94,1);
INSERT INTO citizen VALUES(1461,'Jerel Cummings IV',20,1);
INSERT INTO citizen VALUES(1462,'Madalyn Wolff',57,1);
INSERT INTO citizen VALUES(1463,'Jasper Lind',55,1);
INSERT INTO citizen VALUES(1464,'Mr. Raheem Ankunding',1,1);
INSERT INTO citizen VALUES(1465,'Leonard Dooley MD',75,1);
INSERT INTO citizen VALUES(1466,'Olga Leuschke',32,1);
INSERT INTO citizen VALUES(1467,'Harley Boehm',9,1);
INSERT INTO citizen VALUES(1468,'Lessie Stiedemann',10,1);
INSERT INTO citizen VALUES(1469,'Rosendo Barton',70,1);
INSERT INTO citizen VALUES(1470,'Krista Senger',65,1);
INSERT INTO citizen VALUES(1471,'Jamel Gleason',14,1);
INSERT INTO citizen VALUES(1472,'Weldon Koss Sr.',17,1);
INSERT INTO citizen VALUES(1473,'Kaylee Lebsack',14,1);
INSERT INTO citizen VALUES(1474,'Jessyca Bayer',63,1);
INSERT INTO citizen VALUES(1475,'Jessica Morar',70,1);
INSERT INTO citizen VALUES(1476,'Nikki Ratke',25,1);
INSERT INTO citizen VALUES(1477,'Candelario Strosin',14,1);
INSERT INTO citizen VALUES(1478,'Prof. Guido Kautzer III',36,1);
INSERT INTO citizen VALUES(1479,'Colleen Muller',77,1);
INSERT INTO citizen VALUES(1480,'Marcelina Murphy',5,1);
INSERT INTO citizen VALUES(1481,'Novella Funk',40,1);
INSERT INTO citizen VALUES(1482,'Shanon Beahan I',46,1);
INSERT INTO citizen VALUES(1483,'Rolando Kertzmann',24,1);
INSERT INTO citizen VALUES(1484,'Marlin Grimes DDS',81,1);
INSERT INTO citizen VALUES(1485,'Prof. Stewart Jaskolski I',41,1);
INSERT INTO citizen VALUES(1486,'Tad Kulas PhD',61,1);
INSERT INTO citizen VALUES(1487,'Asha Farrell',75,1);
INSERT INTO citizen VALUES(1488,'Micaela Ernser',15,1);
INSERT INTO citizen VALUES(1489,'Alexie Brekke',11,1);
INSERT INTO citizen VALUES(1490,'Mrs. Linnie Jacobi',38,1);
INSERT INTO citizen VALUES(1491,'Sallie Anderson V',60,1);
INSERT INTO citizen VALUES(1492,'Price Frami V',68,1);
INSERT INTO citizen VALUES(1493,'Javier Morar',22,1);
INSERT INTO citizen VALUES(1494,'Mrs. Sibyl Hansen III',83,1);
INSERT INTO citizen VALUES(1495,'Vivianne Rice',18,1);
INSERT INTO citizen VALUES(1496,'Sylvester Ritchie',60,1);
INSERT INTO citizen VALUES(1497,'Monte Robel II',51,1);
INSERT INTO citizen VALUES(1498,'Xzavier Kreiger',18,1);
INSERT INTO citizen VALUES(1499,'Bethany Rice',39,1);
INSERT INTO citizen VALUES(1500,'Tatyana Mraz',59,1);
INSERT INTO citizen VALUES(1501,'Mr. Kim Kirlin II',42,1);
INSERT INTO citizen VALUES(1502,'Adam Herman',35,1);
INSERT INTO citizen VALUES(1503,'Willie Mayert III',3,1);
INSERT INTO citizen VALUES(1504,'Prof. Deven Schmeler DDS',82,1);
INSERT INTO citizen VALUES(1505,'Karelle Bartell',63,1);
INSERT INTO citizen VALUES(1506,'Mrs. Megane Zboncak',74,1);
INSERT INTO citizen VALUES(1507,'Imogene Thompson',94,1);
INSERT INTO citizen VALUES(1508,'Lane Schowalter',2,1);
INSERT INTO citizen VALUES(1509,'Tierra Dibbert',34,1);
INSERT INTO citizen VALUES(1510,'Napoleon Kulas',55,1);
INSERT INTO citizen VALUES(1511,'Dr. Nyasia Dickens',31,1);
INSERT INTO citizen VALUES(1512,'Michaela Wisoky',48,1);
INSERT INTO citizen VALUES(1513,'Nels Grimes',49,1);
INSERT INTO citizen VALUES(1514,'Mr. Leo Bergstrom MD',28,1);
INSERT INTO citizen VALUES(1515,'Aurelie Tremblay',35,1);
INSERT INTO citizen VALUES(1516,'Kayla Rau',48,1);
INSERT INTO citizen VALUES(1517,'Elyse Powlowski Jr.',11,1);
INSERT INTO citizen VALUES(1518,'Davonte Kub',87,1);
INSERT INTO citizen VALUES(1519,'Jeanne Kohler',4,1);
INSERT INTO citizen VALUES(1520,'Weldon Johns',22,1);
INSERT INTO citizen VALUES(1521,'Jaycee Runolfsson V',26,1);
INSERT INTO citizen VALUES(1522,'Dimitri Corwin DDS',68,1);
INSERT INTO citizen VALUES(1523,'Kara Glover',36,1);
INSERT INTO citizen VALUES(1524,'Prof. Brandy Corwin',48,1);
INSERT INTO citizen VALUES(1525,'Gillian Hirthe',21,1);
INSERT INTO citizen VALUES(1526,'Zakary Brakus',1,1);
INSERT INTO citizen VALUES(1527,'Jabari Franecki V',19,1);
INSERT INTO citizen VALUES(1528,'Prof. Zena Greenholt',54,1);
INSERT INTO citizen VALUES(1529,'Lilla Eichmann',21,1);
INSERT INTO citizen VALUES(1530,'Ms. Lilliana Mraz IV',64,1);
INSERT INTO citizen VALUES(1531,'Wilhelm Cartwright',63,1);
INSERT INTO citizen VALUES(1532,'Reta Littel MD',37,1);
INSERT INTO citizen VALUES(1533,'Prof. Herman Heathcote II',18,1);
INSERT INTO citizen VALUES(1534,'Shanna Ward',39,1);
INSERT INTO citizen VALUES(1535,'Lyda Simonis',56,1);
INSERT INTO citizen VALUES(1536,'Jayme Fay',93,1);
INSERT INTO citizen VALUES(1537,'Krystina Yundt MD',86,1);
INSERT INTO citizen VALUES(1538,'Magali Breitenberg',56,1);
INSERT INTO citizen VALUES(1539,'Maegan Keeling',33,1);
INSERT INTO citizen VALUES(1540,'Danika Romaguera DDS',87,1);
INSERT INTO citizen VALUES(1541,'Jayde Gibson V',69,1);
INSERT INTO citizen VALUES(1542,'Prof. Caesar Abbott',53,1);
INSERT INTO citizen VALUES(1543,'Misael Cartwright',90,1);
INSERT INTO citizen VALUES(1544,'Millie Conn',39,1);
INSERT INTO citizen VALUES(1545,'Connor Bahringer',48,1);
INSERT INTO citizen VALUES(1546,'Murl Fritsch',61,1);
INSERT INTO citizen VALUES(1547,'Pierce Conroy',83,1);
INSERT INTO citizen VALUES(1548,'Jettie Kessler',7,1);
INSERT INTO citizen VALUES(1549,'Mona Dietrich',52,1);
INSERT INTO citizen VALUES(1550,'Dr. America Spinka Sr.',51,1);
INSERT INTO citizen VALUES(1551,'Ms. Destini Grant',63,1);
INSERT INTO citizen VALUES(1552,'Flossie Yundt',36,1);
INSERT INTO citizen VALUES(1553,'Prof. Chloe Monahan',26,1);
INSERT INTO citizen VALUES(1554,'Leann Satterfield',71,1);
INSERT INTO citizen VALUES(1555,'Miss Alessandra Bayer PhD',96,1);
INSERT INTO citizen VALUES(1556,'Mrs. Rossie Gislason',30,1);
INSERT INTO citizen VALUES(1557,'Frank Carroll',76,1);
INSERT INTO citizen VALUES(1558,'Jaeden Labadie',49,1);
INSERT INTO citizen VALUES(1559,'Laisha Harber',47,1);
INSERT INTO citizen VALUES(1560,'Dr. Lon Fay',65,1);
INSERT INTO citizen VALUES(1561,'Moriah Fay IV',35,1);
INSERT INTO citizen VALUES(1562,'Dr. Francis Balistreri PhD',11,1);
INSERT INTO citizen VALUES(1563,'Dr. Norbert Runolfsson I',77,1);
INSERT INTO citizen VALUES(1564,'Kennedy Dicki',100,1);
INSERT INTO citizen VALUES(1565,'Monserrat Beatty',38,1);
INSERT INTO citizen VALUES(1566,'Lora Turner',38,1);
INSERT INTO citizen VALUES(1567,'Mrs. Cordie Streich',9,1);
INSERT INTO citizen VALUES(1568,'Clementine Strosin',15,1);
INSERT INTO citizen VALUES(1569,'Prof. Lolita Ritchie',75,1);
INSERT INTO citizen VALUES(1570,'Tamia Kuhic V',33,1);
INSERT INTO citizen VALUES(1571,'Taurean Johnson',94,1);
INSERT INTO citizen VALUES(1572,'Prof. Karson Price',52,1);
INSERT INTO citizen VALUES(1573,'Graciela Wintheiser',13,1);
INSERT INTO citizen VALUES(1574,'Josue Blanda',53,1);
INSERT INTO citizen VALUES(1575,'Dr. Cassandra Spencer MD',29,1);
INSERT INTO citizen VALUES(1576,'Dr. Shanna Green IV',49,1);
INSERT INTO citizen VALUES(1577,'Jane Hartmann',88,1);
INSERT INTO citizen VALUES(1578,'Craig Morissette',53,1);
INSERT INTO citizen VALUES(1579,'Raymundo Baumbach',32,1);
INSERT INTO citizen VALUES(1580,'Malachi Parisian',74,1);
INSERT INTO citizen VALUES(1581,'Mr. Kameron Mills PhD',26,1);
INSERT INTO citizen VALUES(1582,'Kiley Kihn',90,1);
INSERT INTO citizen VALUES(1583,'Angie Simonis',37,1);
INSERT INTO citizen VALUES(1584,'Dave Connelly',60,1);
INSERT INTO citizen VALUES(1585,'Bret Dare',21,1);
INSERT INTO citizen VALUES(1586,'Eve Mills',72,1);
INSERT INTO citizen VALUES(1587,'Hester Ryan',8,1);
INSERT INTO citizen VALUES(1588,'Mr. Grant Gislason I',72,1);
INSERT INTO citizen VALUES(1589,'Joanne Grant V',69,1);
INSERT INTO citizen VALUES(1590,'Benedict Hegmann II',4,1);
INSERT INTO citizen VALUES(1591,'Rosa Beahan',73,1);
INSERT INTO citizen VALUES(1592,'Ena Bayer Jr.',1,1);
INSERT INTO citizen VALUES(1593,'Grayson Kozey',72,1);
INSERT INTO citizen VALUES(1594,'Reba Feeney IV',43,1);
INSERT INTO citizen VALUES(1595,'Maxine Erdman V',3,1);
INSERT INTO citizen VALUES(1596,'Davonte Gutkowski',24,1);
INSERT INTO citizen VALUES(1597,'Aurelie Stark',32,1);
INSERT INTO citizen VALUES(1598,'Jett Mante',75,1);
INSERT INTO citizen VALUES(1599,'Angel Mitchell',74,1);
INSERT INTO citizen VALUES(1600,'Missouri Jacobs',2,1);
INSERT INTO citizen VALUES(1601,'Brionna Fisher',3,1);
INSERT INTO citizen VALUES(1602,'Prof. Norval Reynolds Sr.',79,1);
INSERT INTO citizen VALUES(1603,'Harley Abshire Sr.',77,1);
INSERT INTO citizen VALUES(1604,'Prof. Jamison Kunde',72,1);
INSERT INTO citizen VALUES(1605,'Miss Zena Dickinson',89,1);
INSERT INTO citizen VALUES(1606,'Mr. Godfrey Schroeder',46,1);
INSERT INTO citizen VALUES(1607,'Mrs. Hollie Denesik Sr.',29,1);
INSERT INTO citizen VALUES(1608,'Bette Ankunding',22,1);
INSERT INTO citizen VALUES(1609,'Dr. Arch Kohler',30,1);
INSERT INTO citizen VALUES(1610,'Garry Koss Jr.',81,1);
INSERT INTO citizen VALUES(1611,'Charlene Windler DVM',75,1);
INSERT INTO citizen VALUES(1612,'Christop Turcotte',23,1);
INSERT INTO citizen VALUES(1613,'Skyla Prohaska DVM',41,1);
INSERT INTO citizen VALUES(1614,'Greta Grimes',87,1);
INSERT INTO citizen VALUES(1615,'Karianne Zemlak',96,1);
INSERT INTO citizen VALUES(1616,'Mr. Tyree Rohan II',17,1);
INSERT INTO citizen VALUES(1617,'Sven Conroy',34,1);
INSERT INTO citizen VALUES(1618,'Dr. Demarcus Huels',89,1);
INSERT INTO citizen VALUES(1619,'Zita Rippin',94,1);
INSERT INTO citizen VALUES(1620,'Taryn Heathcote',45,1);
INSERT INTO citizen VALUES(1621,'Jasmin Cummerata DDS',78,1);
INSERT INTO citizen VALUES(1622,'Erling Reichel MD',38,1);
INSERT INTO citizen VALUES(1623,'Dr. Kenyon Cartwright I',2,1);
INSERT INTO citizen VALUES(1624,'Trever Gutkowski IV',95,1);
INSERT INTO citizen VALUES(1625,'Issac Hill',55,1);
INSERT INTO citizen VALUES(1626,'Prof. Erika Mraz DVM',19,1);
INSERT INTO citizen VALUES(1627,'Henriette Ward V',74,1);
INSERT INTO citizen VALUES(1628,'Isaias Yost',80,1);
INSERT INTO citizen VALUES(1629,'Mrs. Eunice Ferry I',6,1);
INSERT INTO citizen VALUES(1630,'Ernie Adams',33,1);
INSERT INTO citizen VALUES(1631,'Kaela Price',96,1);
INSERT INTO citizen VALUES(1632,'Amie Gutmann',84,1);
INSERT INTO citizen VALUES(1633,'Dr. Cordie Rodriguez IV',94,1);
INSERT INTO citizen VALUES(1634,'Zelma Kohler',43,1);
INSERT INTO citizen VALUES(1635,'Dr. Ryann Botsford III',12,1);
INSERT INTO citizen VALUES(1636,'Christop Wuckert',1,1);
INSERT INTO citizen VALUES(1637,'Oswald Padberg',42,1);
INSERT INTO citizen VALUES(1638,'Ms. Bridget Thiel III',86,1);
INSERT INTO citizen VALUES(1639,'Addie Hegmann',11,1);
INSERT INTO citizen VALUES(1640,'Allie Upton MD',90,1);
INSERT INTO citizen VALUES(1641,'Tod Von',46,1);
INSERT INTO citizen VALUES(1642,'Kailee Ankunding',96,1);
INSERT INTO citizen VALUES(1643,'Enola Thiel',61,1);
INSERT INTO citizen VALUES(1644,'Vicky Homenick',64,1);
INSERT INTO citizen VALUES(1645,'Dr. Mariah Doyle MD',66,1);
INSERT INTO citizen VALUES(1646,'Dr. Paolo Rau Jr.',40,1);
INSERT INTO citizen VALUES(1647,'Mr. Christop Anderson',73,1);
INSERT INTO citizen VALUES(1648,'Ibrahim Stark',84,1);
INSERT INTO citizen VALUES(1649,'Miss Alana Murazik II',85,1);
INSERT INTO citizen VALUES(1650,'Larissa McCullough',27,1);
INSERT INTO citizen VALUES(1651,'Yesenia Barrows',88,1);
INSERT INTO citizen VALUES(1652,'Mr. Angus Little',49,1);
INSERT INTO citizen VALUES(1653,'Morton Runte',25,1);
INSERT INTO citizen VALUES(1654,'Larue Pfeffer II',33,1);
INSERT INTO citizen VALUES(1655,'Dante Emard',51,1);
INSERT INTO citizen VALUES(1656,'Eleanore Borer',85,1);
INSERT INTO citizen VALUES(1657,'Mr. Dayne Moen PhD',89,1);
INSERT INTO citizen VALUES(1658,'Kali Adams II',2,1);
INSERT INTO citizen VALUES(1659,'Trever Herzog V',47,1);
INSERT INTO citizen VALUES(1660,'Mabelle Collins',47,1);
INSERT INTO citizen VALUES(1661,'Everardo Lubowitz PhD',21,1);
INSERT INTO citizen VALUES(1662,'Mr. Afton Volkman',56,1);
INSERT INTO citizen VALUES(1663,'Derick Stehr',9,1);
INSERT INTO citizen VALUES(1664,'Aracely Goldner',100,1);
INSERT INTO citizen VALUES(1665,'Prof. Celia Hoeger',79,1);
INSERT INTO citizen VALUES(1666,'Levi Zieme IV',78,1);
INSERT INTO citizen VALUES(1667,'Mr. Isai McClure',65,1);
INSERT INTO citizen VALUES(1668,'Zakary Grady V',73,1);
INSERT INTO citizen VALUES(1669,'Cyril Satterfield III',7,1);
INSERT INTO citizen VALUES(1670,'Tressie Murray',39,1);
INSERT INTO citizen VALUES(1671,'Deangelo Jast',19,1);
INSERT INTO citizen VALUES(1672,'Miss Cora Goyette DVM',73,1);
INSERT INTO citizen VALUES(1673,'Wilfrid Bechtelar',35,1);
INSERT INTO citizen VALUES(1674,'Zackary Schoen II',54,1);
INSERT INTO citizen VALUES(1675,'Mr. Peter Goyette IV',56,1);
INSERT INTO citizen VALUES(1676,'Renee Crist',45,1);
INSERT INTO citizen VALUES(1677,'Elaina Carroll',9,1);
INSERT INTO citizen VALUES(1678,'Mr. Chaz Schumm',88,1);
INSERT INTO citizen VALUES(1679,'Dr. Pearl Schowalter',11,1);
INSERT INTO citizen VALUES(1680,'Jacques Nienow DDS',85,1);
INSERT INTO citizen VALUES(1681,'Lamont Yost',62,1);
INSERT INTO citizen VALUES(1682,'Alessandro Lubowitz V',5,1);
INSERT INTO citizen VALUES(1683,'Rolando Bashirian',37,1);
INSERT INTO citizen VALUES(1684,'Luz Bechtelar DDS',91,1);
INSERT INTO citizen VALUES(1685,'Alvah Keeling',97,1);
INSERT INTO citizen VALUES(1686,'Erica Turcotte II',3,1);
INSERT INTO citizen VALUES(1687,'Macy Larson',68,1);
INSERT INTO citizen VALUES(1688,'Noemi Vandervort',98,1);
INSERT INTO citizen VALUES(1689,'Chris Wilderman MD',32,1);
INSERT INTO citizen VALUES(1690,'Prof. Lucie Torp I',13,1);
INSERT INTO citizen VALUES(1691,'Bernadette Fahey I',57,1);
INSERT INTO citizen VALUES(1692,'Marlene Hegmann',60,1);
INSERT INTO citizen VALUES(1693,'Christop Walter',62,1);
INSERT INTO citizen VALUES(1694,'Kathryne Nicolas',98,1);
INSERT INTO citizen VALUES(1695,'Peggie Pacocha',99,1);
INSERT INTO citizen VALUES(1696,'Prof. Elwin Ortiz',78,1);
INSERT INTO citizen VALUES(1697,'Mrs. Haven Macejkovic Sr.',70,1);
INSERT INTO citizen VALUES(1698,'Lillie Brown',92,1);
INSERT INTO citizen VALUES(1699,'Cleve Carroll',76,1);
INSERT INTO citizen VALUES(1700,'Noemie Hauck',85,1);
INSERT INTO citizen VALUES(1701,'Nyah Block',63,1);
INSERT INTO citizen VALUES(1702,'Orie Raynor',11,1);
INSERT INTO citizen VALUES(1703,'Laurel Glover',45,1);
INSERT INTO citizen VALUES(1704,'Mrs. Litzy Stehr',67,1);
INSERT INTO citizen VALUES(1705,'Sonia Boyer',26,1);
INSERT INTO citizen VALUES(1706,'Johnny Hill',19,1);
INSERT INTO citizen VALUES(1707,'Mrs. Clarabelle Emmerich I',18,1);
INSERT INTO citizen VALUES(1708,'Yessenia Shields',63,1);
INSERT INTO citizen VALUES(1709,'Prof. Adelbert Mertz',49,1);
INSERT INTO citizen VALUES(1710,'Urban Yost',37,1);
INSERT INTO citizen VALUES(1711,'Brycen VonRueden',86,1);
INSERT INTO citizen VALUES(1712,'Penelope Brekke',73,1);
INSERT INTO citizen VALUES(1713,'Heloise Gulgowski',73,1);
INSERT INTO citizen VALUES(1714,'Baby Kunze',26,1);
INSERT INTO citizen VALUES(1715,'Dr. Carmella Douglas PhD',81,1);
INSERT INTO citizen VALUES(1716,'Prof. Alberto Schmitt IV',14,1);
INSERT INTO citizen VALUES(1717,'Damian Bednar',94,1);
INSERT INTO citizen VALUES(1718,'Dr. Jerrold Wilderman',62,1);
INSERT INTO citizen VALUES(1719,'Kaitlin Kshlerin Sr.',38,1);
INSERT INTO citizen VALUES(1720,'Domenico Ferry',73,1);
INSERT INTO citizen VALUES(1721,'Ervin Gibson',49,1);
INSERT INTO citizen VALUES(1722,'Prof. Minerva Hane',80,1);
INSERT INTO citizen VALUES(1723,'Prof. Rashad Bartoletti',37,1);
INSERT INTO citizen VALUES(1724,'Dr. Wilber Goldner',10,1);
INSERT INTO citizen VALUES(1725,'Nicholas Murazik',48,1);
INSERT INTO citizen VALUES(1726,'Carolanne Wiegand',10,1);
INSERT INTO citizen VALUES(1727,'Elwin Rempel',8,1);
INSERT INTO citizen VALUES(1728,'Hank Robel',30,1);
INSERT INTO citizen VALUES(1729,'Rebecca Hahn',87,1);
INSERT INTO citizen VALUES(1730,'Everette Cummings Sr.',38,1);
INSERT INTO citizen VALUES(1731,'Deven Blanda',18,1);
INSERT INTO citizen VALUES(1732,'Prof. Reece Stanton DVM',55,1);
INSERT INTO citizen VALUES(1733,'Alyson Bruen',42,1);
INSERT INTO citizen VALUES(1734,'Mozell Hill',33,1);
INSERT INTO citizen VALUES(1735,'Madge Schroeder',63,1);
INSERT INTO citizen VALUES(1736,'Alejandrin Kuhn',7,1);
INSERT INTO citizen VALUES(1737,'Lauren Douglas',58,1);
INSERT INTO citizen VALUES(1738,'Lindsay Wuckert V',78,1);
INSERT INTO citizen VALUES(1739,'Justyn Gleason',67,1);
INSERT INTO citizen VALUES(1740,'Marjorie Herman PhD',8,1);
INSERT INTO citizen VALUES(1741,'Travon Tromp',53,1);
INSERT INTO citizen VALUES(1742,'Uriah Hills',30,1);
INSERT INTO citizen VALUES(1743,'Halie Sanford',82,1);
INSERT INTO citizen VALUES(1744,'Nyah Emmerich',76,1);
INSERT INTO citizen VALUES(1745,'Khalid Osinski',92,1);
INSERT INTO citizen VALUES(1746,'Krystina Stehr',69,1);
INSERT INTO citizen VALUES(1747,'Mr. Edwin Rutherford',38,1);
INSERT INTO citizen VALUES(1748,'Quentin Mills',16,1);
INSERT INTO citizen VALUES(1749,'Gus Ernser',38,1);
INSERT INTO citizen VALUES(1750,'Cameron Adams',65,1);
INSERT INTO citizen VALUES(1751,'Madalyn Carter',92,1);
INSERT INTO citizen VALUES(1752,'Helen Lebsack',90,1);
INSERT INTO citizen VALUES(1753,'Emely Jacobson',85,1);
INSERT INTO citizen VALUES(1754,'Emma Nienow',28,1);
INSERT INTO citizen VALUES(1755,'Keegan Kris',41,1);
INSERT INTO citizen VALUES(1756,'Annabelle Beatty',88,1);
INSERT INTO citizen VALUES(1757,'Maci Kub',57,1);
INSERT INTO citizen VALUES(1758,'Hardy Raynor',33,1);
INSERT INTO citizen VALUES(1759,'Catalina Klocko',25,1);
INSERT INTO citizen VALUES(1760,'Amber Bogan',44,1);
INSERT INTO citizen VALUES(1761,'Miss Tianna Leffler',43,1);
INSERT INTO citizen VALUES(1762,'Santiago Fay',94,1);
INSERT INTO citizen VALUES(1763,'Dr. Lois Gleason DDS',59,1);
INSERT INTO citizen VALUES(1764,'Gerard Boehm Jr.',17,1);
INSERT INTO citizen VALUES(1765,'Jayden Muller',92,1);
INSERT INTO citizen VALUES(1766,'Talon Pollich II',64,1);
INSERT INTO citizen VALUES(1767,'Vicenta Goyette',27,1);
INSERT INTO citizen VALUES(1768,'Chauncey Weimann',11,1);
INSERT INTO citizen VALUES(1769,'Prof. Dessie Murray PhD',41,1);
INSERT INTO citizen VALUES(1770,'Elton Cummings',70,1);
INSERT INTO citizen VALUES(1771,'Camryn Mayer',53,1);
INSERT INTO citizen VALUES(1772,'Dagmar Jast',32,1);
INSERT INTO citizen VALUES(1773,'Kallie Hills',10,1);
INSERT INTO citizen VALUES(1774,'Mrs. Lonie Abernathy',1,1);
INSERT INTO citizen VALUES(1775,'Verna Schmidt II',33,1);
INSERT INTO citizen VALUES(1776,'Kiera Crooks',6,1);
INSERT INTO citizen VALUES(1777,'Clair Rice DDS',9,1);
INSERT INTO citizen VALUES(1778,'Savion Price I',27,1);
INSERT INTO citizen VALUES(1779,'Josephine Spinka',20,1);
INSERT INTO citizen VALUES(1780,'Bartholome Hyatt',16,1);
INSERT INTO citizen VALUES(1781,'Everett Vandervort',41,1);
INSERT INTO citizen VALUES(1782,'Megane Schiller',29,1);
INSERT INTO citizen VALUES(1783,'Desmond Rohan',7,1);
INSERT INTO citizen VALUES(1784,'Ms. Lorine Miller',93,1);
INSERT INTO citizen VALUES(1785,'Dr. Ofelia Kirlin',77,1);
INSERT INTO citizen VALUES(1786,'Vincenza Schuster',2,1);
INSERT INTO citizen VALUES(1787,'Prof. Cordelia Ledner Sr.',9,1);
INSERT INTO citizen VALUES(1788,'Filiberto Morissette',76,1);
INSERT INTO citizen VALUES(1789,'Kayley Leannon',1,1);
INSERT INTO citizen VALUES(1790,'Flossie Christiansen',25,1);
INSERT INTO citizen VALUES(1791,'Prof. Doris O''Hara DDS',54,1);
INSERT INTO citizen VALUES(1792,'Freida Larkin',77,1);
INSERT INTO citizen VALUES(1793,'Mrs. Lucile Hickle',87,1);
INSERT INTO citizen VALUES(1794,'Weldon Murphy MD',70,1);
INSERT INTO citizen VALUES(1795,'Prof. Hellen Swift',10,1);
INSERT INTO citizen VALUES(1796,'Dean Hermiston Jr.',71,1);
INSERT INTO citizen VALUES(1797,'Sunny Larson',76,1);
INSERT INTO citizen VALUES(1798,'Lyda Champlin',65,1);
INSERT INTO citizen VALUES(1799,'Ines Okuneva',50,1);
INSERT INTO citizen VALUES(1800,'Mr. Cale Doyle',59,1);
INSERT INTO citizen VALUES(1801,'Madyson Pouros V',74,1);
INSERT INTO citizen VALUES(1802,'Giovani Mueller',28,1);
INSERT INTO citizen VALUES(1803,'Mrs. Kirstin Beatty',38,1);
INSERT INTO citizen VALUES(1804,'Gerson Strosin I',47,1);
INSERT INTO citizen VALUES(1805,'Casper Leannon',11,1);
INSERT INTO citizen VALUES(1806,'Dr. Presley Fisher V',49,1);
INSERT INTO citizen VALUES(1807,'Hank Mante',87,1);
INSERT INTO citizen VALUES(1808,'Cayla Hintz',61,1);
INSERT INTO citizen VALUES(1809,'Prof. Ole Ryan',75,1);
INSERT INTO citizen VALUES(1810,'Uriah Cummerata',6,1);
INSERT INTO citizen VALUES(1811,'Ryann Simonis',30,1);
INSERT INTO citizen VALUES(1812,'Dr. Ona Wilkinson PhD',14,1);
INSERT INTO citizen VALUES(1813,'Adriana Mante',18,1);
INSERT INTO citizen VALUES(1814,'Dr. Fidel Jakubowski I',81,1);
INSERT INTO citizen VALUES(1815,'Prof. Alvera O''Reilly',39,1);
INSERT INTO citizen VALUES(1816,'Marlon Reichel',22,1);
INSERT INTO citizen VALUES(1817,'Roma Wisoky',29,1);
INSERT INTO citizen VALUES(1818,'Tomas Rosenbaum',57,1);
INSERT INTO citizen VALUES(1819,'Marge Murphy PhD',67,1);
INSERT INTO citizen VALUES(1820,'Dustin Tremblay',99,1);
INSERT INTO citizen VALUES(1821,'Prof. Lavern Huel V',90,1);
INSERT INTO citizen VALUES(1822,'Mrs. Geraldine Klein',37,1);
INSERT INTO citizen VALUES(1823,'Ms. Meda Walter PhD',75,1);
INSERT INTO citizen VALUES(1824,'Kendall Davis',11,1);
INSERT INTO citizen VALUES(1825,'Caroline Rodriguez',37,1);
INSERT INTO citizen VALUES(1826,'Giovanna Willms',66,1);
INSERT INTO citizen VALUES(1827,'Aliyah Collier II',36,1);
INSERT INTO citizen VALUES(1828,'Ellie Gorczany',79,1);
INSERT INTO citizen VALUES(1829,'Sammie Will',96,1);
INSERT INTO citizen VALUES(1830,'Demarcus Hill',76,1);
INSERT INTO citizen VALUES(1831,'Mathias Waters',36,1);
INSERT INTO citizen VALUES(1832,'William Lebsack',16,1);
INSERT INTO citizen VALUES(1833,'Jayson Abbott',40,1);
INSERT INTO citizen VALUES(1834,'Alana Labadie',81,1);
INSERT INTO citizen VALUES(1835,'Fredy Brown',2,1);
INSERT INTO citizen VALUES(1836,'Miss Francisca Grimes',49,1);
INSERT INTO citizen VALUES(1837,'Prof. Suzanne Mayert',57,1);
INSERT INTO citizen VALUES(1838,'Kim Wehner',89,1);
INSERT INTO citizen VALUES(1839,'Mr. Alphonso Crona',62,1);
INSERT INTO citizen VALUES(1840,'Nico Cartwright',32,1);
INSERT INTO citizen VALUES(1841,'Savion Nitzsche I',77,1);
INSERT INTO citizen VALUES(1842,'Loyce Von',19,1);
INSERT INTO citizen VALUES(1843,'Geovanni Cormier',26,1);
INSERT INTO citizen VALUES(1844,'Prof. Andreanne Krajcik',37,1);
INSERT INTO citizen VALUES(1845,'Mr. Rafael Heathcote',89,1);
INSERT INTO citizen VALUES(1846,'Kamren Muller',79,1);
INSERT INTO citizen VALUES(1847,'Mr. Enid Greenfelder',32,1);
INSERT INTO citizen VALUES(1848,'Miss Jewell Wyman',36,1);
INSERT INTO citizen VALUES(1849,'Jaquelin Schneider',93,1);
INSERT INTO citizen VALUES(1850,'Oleta Medhurst Jr.',89,1);
INSERT INTO citizen VALUES(1851,'Garrison Wuckert',36,1);
INSERT INTO citizen VALUES(1852,'Jimmie Haley',1,1);
INSERT INTO citizen VALUES(1853,'Prof. Raven Wilderman DDS',53,1);
INSERT INTO citizen VALUES(1854,'Earnestine Champlin',22,1);
INSERT INTO citizen VALUES(1855,'Milton Lesch',82,1);
INSERT INTO citizen VALUES(1856,'Brant Turcotte',71,1);
INSERT INTO citizen VALUES(1857,'Preston Bechtelar',86,1);
INSERT INTO citizen VALUES(1858,'Fredrick Hilpert',68,1);
INSERT INTO citizen VALUES(1859,'Mrs. Beverly Rice',43,1);
INSERT INTO citizen VALUES(1860,'Chelsie Gottlieb',92,1);
INSERT INTO citizen VALUES(1861,'Thomas Green DDS',91,1);
INSERT INTO citizen VALUES(1862,'Fiona Marquardt II',46,1);
INSERT INTO citizen VALUES(1863,'Antonietta Stark PhD',89,1);
INSERT INTO citizen VALUES(1864,'Ruthie Cruickshank PhD',15,1);
INSERT INTO citizen VALUES(1865,'Therese Veum MD',69,1);
INSERT INTO citizen VALUES(1866,'Kelley Sanford',44,1);
INSERT INTO citizen VALUES(1867,'Dr. Jett Stark',64,1);
INSERT INTO citizen VALUES(1868,'Stacey Gerlach',43,1);
INSERT INTO citizen VALUES(1869,'Juliana McLaughlin MD',22,1);
INSERT INTO citizen VALUES(1870,'Joaquin Cummings',26,1);
INSERT INTO citizen VALUES(1871,'Alejandrin Effertz',80,1);
INSERT INTO citizen VALUES(1872,'Prof. Viola Marquardt',60,1);
INSERT INTO citizen VALUES(1873,'Jonatan Wisozk',40,1);
INSERT INTO citizen VALUES(1874,'Ulises Kuhlman',74,1);
INSERT INTO citizen VALUES(1875,'Rebecca Durgan',28,1);
INSERT INTO citizen VALUES(1876,'Trycia Brakus',69,1);
INSERT INTO citizen VALUES(1877,'Jayne Walker',85,1);
INSERT INTO citizen VALUES(1878,'Dr. Laurel Hahn DDS',89,1);
INSERT INTO citizen VALUES(1879,'Dr. Ayden Crist IV',32,1);
INSERT INTO citizen VALUES(1880,'Mr. Nicklaus Cole',49,1);
INSERT INTO citizen VALUES(1881,'Wendy Ullrich',29,1);
INSERT INTO citizen VALUES(1882,'Lillie Braun MD',58,1);
INSERT INTO citizen VALUES(1883,'Deborah Bashirian',16,1);
INSERT INTO citizen VALUES(1884,'Scarlett Sanford',28,1);
INSERT INTO citizen VALUES(1885,'Dr. Polly Herzog MD',10,1);
INSERT INTO citizen VALUES(1886,'Gustave Gibson',51,1);
INSERT INTO citizen VALUES(1887,'Austyn Sanford I',72,1);
INSERT INTO citizen VALUES(1888,'Aletha Johnston IV',5,1);
INSERT INTO citizen VALUES(1889,'Korbin Goodwin',43,1);
INSERT INTO citizen VALUES(1890,'Ford Grady',47,1);
INSERT INTO citizen VALUES(1891,'Kayli Bartell',82,1);
INSERT INTO citizen VALUES(1892,'Hattie Bruen',3,1);
INSERT INTO citizen VALUES(1893,'Fausto Roberts I',5,1);
INSERT INTO citizen VALUES(1894,'Dr. Joany Walter IV',34,1);
INSERT INTO citizen VALUES(1895,'Alvis Kshlerin Jr.',55,1);
INSERT INTO citizen VALUES(1896,'Daija Bernhard',12,1);
INSERT INTO citizen VALUES(1897,'Cassie Gorczany I',12,1);
INSERT INTO citizen VALUES(1898,'Mr. Zack Frami',61,1);
INSERT INTO citizen VALUES(1899,'Miss Melyna Ebert',51,1);
INSERT INTO citizen VALUES(1900,'Prof. Leif Dickens',97,1);
INSERT INTO citizen VALUES(1901,'Noble Goldner',64,1);
INSERT INTO citizen VALUES(1902,'Ms. Darby Walker',66,1);
INSERT INTO citizen VALUES(1903,'Lucile Rodriguez',65,1);
INSERT INTO citizen VALUES(1904,'Gracie Kshlerin',20,1);
INSERT INTO citizen VALUES(1905,'Margie Konopelski',41,1);
INSERT INTO citizen VALUES(1906,'Mrs. Vivian Wisozk DVM',74,1);
INSERT INTO citizen VALUES(1907,'Dr. Alessandro Bergstrom',66,1);
INSERT INTO citizen VALUES(1908,'Kirk Green',43,1);
INSERT INTO citizen VALUES(1909,'Concepcion Waters',62,1);
INSERT INTO citizen VALUES(1910,'Prof. Elmira O''Reilly III',31,1);
INSERT INTO citizen VALUES(1911,'Reese Carroll',12,1);
INSERT INTO citizen VALUES(1912,'Nora Flatley',81,1);
INSERT INTO citizen VALUES(1913,'Prof. Rosemary Hayes IV',15,1);
INSERT INTO citizen VALUES(1914,'Miss Sienna Frami',83,1);
INSERT INTO citizen VALUES(1915,'Dr. Judah Schmitt',16,1);
INSERT INTO citizen VALUES(1916,'Prof. Julia Boyer III',76,1);
INSERT INTO citizen VALUES(1917,'Jolie Gerlach',27,1);
INSERT INTO citizen VALUES(1918,'Dr. Arne Schiller',8,1);
INSERT INTO citizen VALUES(1919,'Otho Senger',62,1);
INSERT INTO citizen VALUES(1920,'Mr. Rhett Kling',100,1);
INSERT INTO citizen VALUES(1921,'Amy Quitzon',1,1);
INSERT INTO citizen VALUES(1922,'Vernie Little',43,1);
INSERT INTO citizen VALUES(1923,'Raven Welch',56,1);
INSERT INTO citizen VALUES(1924,'Prof. Constantin Vandervort',46,1);
INSERT INTO citizen VALUES(1925,'Dr. Milo Donnelly',98,1);
INSERT INTO citizen VALUES(1926,'Prof. Wilfredo Stiedemann',31,1);
INSERT INTO citizen VALUES(1927,'Annetta Welch',37,1);
INSERT INTO citizen VALUES(1928,'Mireille Thompson IV',26,1);
INSERT INTO citizen VALUES(1929,'Madisen Wiza',20,1);
INSERT INTO citizen VALUES(1930,'Lillian Batz',43,1);
INSERT INTO citizen VALUES(1931,'Donna Pfannerstill',36,1);
INSERT INTO citizen VALUES(1932,'Diana Johns',11,1);
INSERT INTO citizen VALUES(1933,'Markus Botsford',16,1);
INSERT INTO citizen VALUES(1934,'Alexandro Christiansen',70,1);
INSERT INTO citizen VALUES(1935,'Dr. Dawson Huels Sr.',26,1);
INSERT INTO citizen VALUES(1936,'Ms. Dolores Senger MD',51,1);
INSERT INTO citizen VALUES(1937,'Herta Flatley',64,1);
INSERT INTO citizen VALUES(1938,'Dr. Carmel Wyman Sr.',18,1);
INSERT INTO citizen VALUES(1939,'Celestino Frami',98,1);
INSERT INTO citizen VALUES(1940,'Maxine Bechtelar',29,1);
INSERT INTO citizen VALUES(1941,'Naomi Wisoky',71,1);
INSERT INTO citizen VALUES(1942,'Dr. Aurore O''Keefe DVM',8,1);
INSERT INTO citizen VALUES(1943,'Lavina Hill',83,1);
INSERT INTO citizen VALUES(1944,'Leda Abernathy MD',23,1);
INSERT INTO citizen VALUES(1945,'Daniella Fadel',37,1);
INSERT INTO citizen VALUES(1946,'Julien Zemlak',70,1);
INSERT INTO citizen VALUES(1947,'Pete Tromp',42,1);
INSERT INTO citizen VALUES(1948,'Electa Luettgen Sr.',80,1);
INSERT INTO citizen VALUES(1949,'Dr. Guido Moore',52,1);
INSERT INTO citizen VALUES(1950,'Vinnie White Sr.',53,1);
INSERT INTO citizen VALUES(1951,'Dr. Mario Ebert',40,1);
INSERT INTO citizen VALUES(1952,'Tremaine Nader Jr.',17,1);
INSERT INTO citizen VALUES(1953,'Chauncey Gottlieb',30,1);
INSERT INTO citizen VALUES(1954,'Joesph Friesen',43,1);
INSERT INTO citizen VALUES(1955,'Chester McDermott',67,1);
INSERT INTO citizen VALUES(1956,'Dr. Willis Marks',90,1);
INSERT INTO citizen VALUES(1957,'Mrs. Estelle Doyle DVM',16,1);
INSERT INTO citizen VALUES(1958,'Jakob Rosenbaum',71,1);
INSERT INTO citizen VALUES(1959,'Dr. Jadon O''Keefe',59,1);
INSERT INTO citizen VALUES(1960,'Ashleigh Ritchie',52,1);
INSERT INTO citizen VALUES(1961,'Eliane Veum',53,1);
INSERT INTO citizen VALUES(1962,'Emmet Kulas Sr.',47,1);
INSERT INTO citizen VALUES(1963,'Miss Beverly Lynch I',57,1);
INSERT INTO citizen VALUES(1964,'Miss Francesca Ziemann',59,1);
INSERT INTO citizen VALUES(1965,'Antonio Grant',23,1);
INSERT INTO citizen VALUES(1966,'Nyasia Swaniawski',21,1);
INSERT INTO citizen VALUES(1967,'Hipolito Frami',12,1);
INSERT INTO citizen VALUES(1968,'Destinee Haley',5,1);
INSERT INTO citizen VALUES(1969,'Germaine Parker',98,1);
INSERT INTO citizen VALUES(1970,'Prof. Richard Kassulke DVM',84,1);
INSERT INTO citizen VALUES(1971,'Maya Koelpin DDS',87,1);
INSERT INTO citizen VALUES(1972,'Trenton Hirthe I',37,1);
INSERT INTO citizen VALUES(1973,'Dr. Darrel Cassin DVM',53,1);
INSERT INTO citizen VALUES(1974,'Prof. Jamarcus Eichmann MD',52,1);
INSERT INTO citizen VALUES(1975,'Ms. Abbigail Mann',49,1);
INSERT INTO citizen VALUES(1976,'Tobin Welch',76,1);
INSERT INTO citizen VALUES(1977,'Rocio Abbott',35,1);
INSERT INTO citizen VALUES(1978,'Dr. Hugh Carroll',68,1);
INSERT INTO citizen VALUES(1979,'Erika Schowalter',45,1);
INSERT INTO citizen VALUES(1980,'Finn Little',86,1);
INSERT INTO citizen VALUES(1981,'Dane Zulauf DDS',37,1);
INSERT INTO citizen VALUES(1982,'Aileen Lind DVM',92,1);
INSERT INTO citizen VALUES(1983,'Prof. Celestino Fahey DDS',13,1);
INSERT INTO citizen VALUES(1984,'Jarred Berge I',67,1);
INSERT INTO citizen VALUES(1985,'Mr. Chesley Bayer DVM',69,1);
INSERT INTO citizen VALUES(1986,'Freida McClure',79,1);
INSERT INTO citizen VALUES(1987,'Ms. Alfreda Hegmann I',36,1);
INSERT INTO citizen VALUES(1988,'Maymie Shields',12,1);
INSERT INTO citizen VALUES(1989,'Miss Keely Gusikowski IV',62,1);
INSERT INTO citizen VALUES(1990,'Georgette Pagac',41,1);
INSERT INTO citizen VALUES(1991,'Prof. Allie Denesik',4,1);
INSERT INTO citizen VALUES(1992,'Prof. Abel Kihn',12,1);
INSERT INTO citizen VALUES(1993,'Aileen Bradtke',12,1);
INSERT INTO citizen VALUES(1994,'Madelyn Prohaska IV',72,1);
INSERT INTO citizen VALUES(1995,'Myrna Goodwin',63,1);
INSERT INTO citizen VALUES(1996,'Miss Effie Gaylord',15,1);
INSERT INTO citizen VALUES(1997,'Neil Williamson',18,1);
INSERT INTO citizen VALUES(1998,'Prof. Rhoda Dooley I',41,1);
INSERT INTO citizen VALUES(1999,'Mrs. Retta Stiedemann IV',40,1);
INSERT INTO citizen VALUES(2000,'Davin Klein II',99,1);
INSERT INTO citizen VALUES(2001,'Prof. Margarette Turner I',49,1);
INSERT INTO citizen VALUES(2002,'Vito Baumbach',40,1);
INSERT INTO citizen VALUES(2003,'Humberto Schulist',11,1);
INSERT INTO citizen VALUES(2004,'Caleb Lehner',78,1);
INSERT INTO citizen VALUES(2005,'Freeman Langworth',39,1);
INSERT INTO citizen VALUES(2006,'Reyes Heller',43,1);
INSERT INTO citizen VALUES(2007,'Edison Weimann',91,1);
INSERT INTO citizen VALUES(2008,'Dr. Charlie D''Amore V',82,1);
INSERT INTO citizen VALUES(2009,'Damien Maggio',10,1);
INSERT INTO citizen VALUES(2010,'Erwin Runte',12,1);
INSERT INTO citizen VALUES(2011,'Dariana Quigley',3,1);
INSERT INTO citizen VALUES(2012,'Jett Kihn',79,1);
INSERT INTO citizen VALUES(2013,'Karson Torphy',52,1);
INSERT INTO citizen VALUES(2014,'Prof. Twila Ledner I',11,1);
INSERT INTO citizen VALUES(2015,'Mr. Kareem Larkin III',16,1);
INSERT INTO citizen VALUES(2016,'Dr. Reina Legros',60,1);
INSERT INTO citizen VALUES(2017,'Baron Leuschke PhD',7,1);
INSERT INTO citizen VALUES(2018,'Mr. Ignacio Mraz',61,1);
INSERT INTO citizen VALUES(2019,'Nathanael Reichel',87,1);
INSERT INTO citizen VALUES(2020,'Ms. Gudrun Abbott PhD',66,1);
INSERT INTO citizen VALUES(2021,'Dr. Edna Beer',50,1);
INSERT INTO citizen VALUES(2022,'Dr. Jedediah Dooley',20,1);
INSERT INTO citizen VALUES(2023,'Tatum Kling',57,1);
INSERT INTO citizen VALUES(2024,'Vanessa Boyle',62,1);
INSERT INTO citizen VALUES(2025,'Reyes Skiles',67,1);
INSERT INTO citizen VALUES(2026,'Freddie Bailey MD',93,1);
INSERT INTO citizen VALUES(2027,'Cullen Swaniawski',100,1);
INSERT INTO citizen VALUES(2028,'Marley Hagenes',1,1);
INSERT INTO citizen VALUES(2029,'Miss Willow Sipes MD',22,1);
INSERT INTO citizen VALUES(2030,'Lauren Cronin',74,1);
INSERT INTO citizen VALUES(2031,'Wilburn Bosco',89,1);
INSERT INTO citizen VALUES(2032,'Ms. Taryn Kirlin III',62,1);
INSERT INTO citizen VALUES(2033,'Avis Hodkiewicz',64,1);
INSERT INTO citizen VALUES(2034,'Dr. Candelario Hills',20,1);
INSERT INTO citizen VALUES(2035,'Prof. Tracey Waters IV',89,1);
INSERT INTO citizen VALUES(2036,'Emily Kuhn III',50,1);
INSERT INTO citizen VALUES(2037,'Abe Ernser',78,1);
INSERT INTO citizen VALUES(2038,'Cierra Kohler',3,1);
INSERT INTO citizen VALUES(2039,'Prof. Kianna Pagac',78,1);
INSERT INTO citizen VALUES(2040,'Mr. Guillermo Tremblay',46,1);
INSERT INTO citizen VALUES(2041,'Dallin Flatley Jr.',62,1);
INSERT INTO citizen VALUES(2042,'Prof. Kaylee Ritchie I',96,1);
INSERT INTO citizen VALUES(2043,'Jazmin Dickinson',66,1);
INSERT INTO citizen VALUES(2044,'Nellie Farrell',64,1);
INSERT INTO citizen VALUES(2045,'Malinda Lowe',36,1);
INSERT INTO citizen VALUES(2046,'Mrs. Bettye Hoeger',35,1);
INSERT INTO citizen VALUES(2047,'Dorthy Dibbert',2,1);
INSERT INTO citizen VALUES(2048,'Reynold Schinner',21,1);
INSERT INTO citizen VALUES(2049,'Julie Hagenes MD',49,1);
INSERT INTO citizen VALUES(2050,'Santina Abshire',49,1);
INSERT INTO citizen VALUES(2051,'Prof. Demario Collins MD',79,2);
INSERT INTO citizen VALUES(2052,'Mr. Obie Dickinson',18,2);
INSERT INTO citizen VALUES(2053,'Malinda Donnelly',55,2);
INSERT INTO citizen VALUES(2054,'Bernadine Ward',15,2);
INSERT INTO citizen VALUES(2055,'Jayce Feil',61,2);
INSERT INTO citizen VALUES(2056,'Dwight Walsh DVM',33,2);
INSERT INTO citizen VALUES(2057,'Ms. Ayana Jast III',74,2);
INSERT INTO citizen VALUES(2058,'Jalyn Bauch',89,2);
INSERT INTO citizen VALUES(2059,'Mabel Beier',6,2);
INSERT INTO citizen VALUES(2060,'Mrs. Ottilie Ledner',16,2);
INSERT INTO citizen VALUES(2061,'Dr. Axel Gutkowski',46,2);
INSERT INTO citizen VALUES(2062,'Prof. Sim Fritsch',40,2);
INSERT INTO citizen VALUES(2063,'Dr. Bernard Roob',68,2);
INSERT INTO citizen VALUES(2064,'Miss Lisette Wilkinson',24,2);
INSERT INTO citizen VALUES(2065,'Dr. Jacey Jenkins III',15,2);
INSERT INTO citizen VALUES(2066,'Domenico McGlynn',63,2);
INSERT INTO citizen VALUES(2067,'Miss Jackie Mills DVM',91,2);
INSERT INTO citizen VALUES(2068,'Dr. Colby Cruickshank IV',15,2);
INSERT INTO citizen VALUES(2069,'Rupert Dietrich',80,2);
INSERT INTO citizen VALUES(2070,'Julian Kohler',22,2);
INSERT INTO citizen VALUES(2071,'Isabella Pouros',43,2);
INSERT INTO citizen VALUES(2072,'Tony Koelpin',21,2);
INSERT INTO citizen VALUES(2073,'Kristian Purdy',85,2);
INSERT INTO citizen VALUES(2074,'Annabelle Feest',95,2);
INSERT INTO citizen VALUES(2075,'Cielo Sipes',3,2);
INSERT INTO citizen VALUES(2076,'Reid Kling',94,2);
INSERT INTO citizen VALUES(2077,'Willis Bechtelar',68,2);
INSERT INTO citizen VALUES(2078,'Simeon Abshire',3,2);
INSERT INTO citizen VALUES(2079,'Evert Davis DDS',93,2);
INSERT INTO citizen VALUES(2080,'Prof. Kelsi McGlynn',5,2);
INSERT INTO citizen VALUES(2081,'Yazmin Gleason',49,2);
INSERT INTO citizen VALUES(2082,'Genesis Kassulke III',10,2);
INSERT INTO citizen VALUES(2083,'Mr. Moshe O''Keefe IV',21,2);
INSERT INTO citizen VALUES(2084,'Nelda Kuhlman',87,2);
INSERT INTO citizen VALUES(2085,'Sibyl Denesik',30,2);
INSERT INTO citizen VALUES(2086,'Wilber Rodriguez DDS',98,2);
INSERT INTO citizen VALUES(2087,'Karianne Fahey V',71,2);
INSERT INTO citizen VALUES(2088,'Carmela Skiles',8,2);
INSERT INTO citizen VALUES(2089,'Dewitt Kris PhD',39,2);
INSERT INTO citizen VALUES(2090,'Dovie Spinka II',92,2);
INSERT INTO citizen VALUES(2091,'Cleo Dickinson',12,2);
INSERT INTO citizen VALUES(2092,'Mr. Jaleel Ledner MD',74,2);
INSERT INTO citizen VALUES(2093,'Jeanette Smith',62,2);
INSERT INTO citizen VALUES(2094,'Coleman Windler III',45,2);
INSERT INTO citizen VALUES(2095,'Dr. Anais Kuvalis',14,2);
INSERT INTO citizen VALUES(2096,'Sally Reilly',45,2);
INSERT INTO citizen VALUES(2097,'Mertie O''Conner',100,2);
INSERT INTO citizen VALUES(2098,'Prof. Osvaldo Labadie III',34,2);
INSERT INTO citizen VALUES(2099,'Dr. Stacy Kilback',63,2);
INSERT INTO citizen VALUES(2100,'Justine Mueller',87,2);
INSERT INTO citizen VALUES(2101,'Arthur Legros',29,2);
INSERT INTO citizen VALUES(2102,'Dr. Quinten Wolf V',83,2);
INSERT INTO citizen VALUES(2103,'Mr. Donnell Wehner IV',45,2);
INSERT INTO citizen VALUES(2104,'Beaulah Ziemann',61,2);
INSERT INTO citizen VALUES(2105,'Mr. Kendrick Daniel Jr.',32,2);
INSERT INTO citizen VALUES(2106,'Javier Cole III',15,2);
INSERT INTO citizen VALUES(2107,'Ralph Cruickshank PhD',62,2);
INSERT INTO citizen VALUES(2108,'Amie Lemke I',79,2);
INSERT INTO citizen VALUES(2109,'Miss Pasquale Lesch',51,2);
INSERT INTO citizen VALUES(2110,'Gladyce Luettgen',54,2);
INSERT INTO citizen VALUES(2111,'Rachelle Feeney',30,2);
INSERT INTO citizen VALUES(2112,'Dr. Devyn Hansen',8,2);
INSERT INTO citizen VALUES(2113,'Chelsea Stark',1,2);
INSERT INTO citizen VALUES(2114,'Mr. Eldred Dicki MD',54,2);
INSERT INTO citizen VALUES(2115,'Clarabelle Hartmann',16,2);
INSERT INTO citizen VALUES(2116,'Johnathan Zulauf IV',42,2);
INSERT INTO citizen VALUES(2117,'Prof. Lizzie Mayert',75,2);
INSERT INTO citizen VALUES(2118,'George Langworth III',37,2);
INSERT INTO citizen VALUES(2119,'Allene Tremblay',41,2);
INSERT INTO citizen VALUES(2120,'Lonie Langosh',76,2);
INSERT INTO citizen VALUES(2121,'Melba Davis IV',92,2);
INSERT INTO citizen VALUES(2122,'Jeremy Kiehn DDS',59,2);
INSERT INTO citizen VALUES(2123,'Estel Goldner',27,2);
INSERT INTO citizen VALUES(2124,'Ms. Lilyan Fay V',58,2);
INSERT INTO citizen VALUES(2125,'Lenna Morissette',56,2);
INSERT INTO citizen VALUES(2126,'Prof. Angel Grady DDS',26,2);
INSERT INTO citizen VALUES(2127,'Edwina Padberg',53,2);
INSERT INTO citizen VALUES(2128,'Cody O''Conner I',86,2);
INSERT INTO citizen VALUES(2129,'Elvie Upton MD',50,2);
INSERT INTO citizen VALUES(2130,'Mr. Garnett Ebert',71,2);
INSERT INTO citizen VALUES(2131,'Alfred Walter',1,2);
INSERT INTO citizen VALUES(2132,'Prof. Rossie Nicolas',79,2);
INSERT INTO citizen VALUES(2133,'Misty Ullrich',48,2);
INSERT INTO citizen VALUES(2134,'Juvenal Kuvalis',69,2);
INSERT INTO citizen VALUES(2135,'Donavon Wyman IV',81,2);
INSERT INTO citizen VALUES(2136,'Harry Kertzmann',60,2);
INSERT INTO citizen VALUES(2137,'Miss Marilou Schmidt',81,2);
INSERT INTO citizen VALUES(2138,'Ron Mitchell',30,2);
INSERT INTO citizen VALUES(2139,'Elbert Heidenreich',33,2);
INSERT INTO citizen VALUES(2140,'Prof. Yvonne Lehner',98,2);
INSERT INTO citizen VALUES(2141,'Prof. Donavon Hauck',88,2);
INSERT INTO citizen VALUES(2142,'Shirley Lind',35,2);
INSERT INTO citizen VALUES(2143,'Dr. Xzavier Balistreri II',52,2);
INSERT INTO citizen VALUES(2144,'Ms. Dora Thompson IV',77,2);
INSERT INTO citizen VALUES(2145,'Mrs. Baby Cremin V',89,2);
INSERT INTO citizen VALUES(2146,'Joey Doyle',1,2);
INSERT INTO citizen VALUES(2147,'Kailee Weber',55,2);
INSERT INTO citizen VALUES(2148,'Janick Barton',89,2);
INSERT INTO citizen VALUES(2149,'Kaylah Treutel DDS',28,2);
INSERT INTO citizen VALUES(2150,'Mrs. Patsy Ruecker PhD',95,2);
INSERT INTO citizen VALUES(2151,'Anita Kautzer',84,2);
INSERT INTO citizen VALUES(2152,'Stefan Baumbach',41,2);
INSERT INTO citizen VALUES(2153,'Yasmeen Altenwerth',5,2);
INSERT INTO citizen VALUES(2154,'Ludie Gislason',39,2);
INSERT INTO citizen VALUES(2155,'Vella Willms',87,2);
INSERT INTO citizen VALUES(2156,'Jalen Sporer',43,2);
INSERT INTO citizen VALUES(2157,'Prof. Albin Lebsack',3,2);
INSERT INTO citizen VALUES(2158,'Ova Conroy DDS',8,2);
INSERT INTO citizen VALUES(2159,'Miguel Gerlach',62,2);
INSERT INTO citizen VALUES(2160,'Etha Bauch',35,2);
INSERT INTO citizen VALUES(2161,'Cheyanne Heller',26,2);
INSERT INTO citizen VALUES(2162,'Shanny Stark',33,2);
INSERT INTO citizen VALUES(2163,'Winfield Skiles',17,2);
INSERT INTO citizen VALUES(2164,'Mr. Sam Braun DDS',50,2);
INSERT INTO citizen VALUES(2165,'Aurelio Hirthe',16,2);
INSERT INTO citizen VALUES(2166,'Marilou Ebert V',79,2);
INSERT INTO citizen VALUES(2167,'Mr. Jess Goldner',88,2);
INSERT INTO citizen VALUES(2168,'Dr. Justus Fadel',59,2);
INSERT INTO citizen VALUES(2169,'Prof. Stanley Feil',19,2);
INSERT INTO citizen VALUES(2170,'Rhiannon Toy',60,2);
INSERT INTO citizen VALUES(2171,'Denis Terry',68,2);
INSERT INTO citizen VALUES(2172,'Ivy Bednar',90,2);
INSERT INTO citizen VALUES(2173,'Friedrich Funk',3,2);
INSERT INTO citizen VALUES(2174,'Selmer Daniel',91,2);
INSERT INTO citizen VALUES(2175,'Prof. Van Gibson DVM',72,2);
INSERT INTO citizen VALUES(2176,'Andreanne Hodkiewicz',25,2);
INSERT INTO citizen VALUES(2177,'Prof. Elaina Bogan III',53,2);
INSERT INTO citizen VALUES(2178,'Crystal Bauch',43,2);
INSERT INTO citizen VALUES(2179,'Felipe Kessler',58,2);
INSERT INTO citizen VALUES(2180,'Prof. Merritt Lehner IV',81,2);
INSERT INTO citizen VALUES(2181,'Adelia Stokes',91,2);
INSERT INTO citizen VALUES(2182,'Eudora Aufderhar',62,2);
INSERT INTO citizen VALUES(2183,'Mr. August Leannon',51,2);
INSERT INTO citizen VALUES(2184,'Dr. Dion Pollich',47,2);
INSERT INTO citizen VALUES(2185,'Imani Block DVM',31,2);
INSERT INTO citizen VALUES(2186,'Lexus Balistreri',81,2);
INSERT INTO citizen VALUES(2187,'Esther Steuber',51,2);
INSERT INTO citizen VALUES(2188,'Janie Hand DDS',82,2);
INSERT INTO citizen VALUES(2189,'Miss Bridget Murphy',85,2);
INSERT INTO citizen VALUES(2190,'Stefanie Quitzon',42,2);
INSERT INTO citizen VALUES(2191,'Candelario Schiller',65,2);
INSERT INTO citizen VALUES(2192,'Melba Waters',96,2);
INSERT INTO citizen VALUES(2193,'Gavin Goldner Sr.',66,2);
INSERT INTO citizen VALUES(2194,'Easton Crooks',69,2);
INSERT INTO citizen VALUES(2195,'Earline Renner Jr.',97,2);
INSERT INTO citizen VALUES(2196,'Prof. Assunta Stracke PhD',51,2);
INSERT INTO citizen VALUES(2197,'Else Roob',1,2);
INSERT INTO citizen VALUES(2198,'Evangeline Barton',51,2);
INSERT INTO citizen VALUES(2199,'Gwen Maggio',14,2);
INSERT INTO citizen VALUES(2200,'Miss Zula Howell',32,2);
INSERT INTO citizen VALUES(2201,'Alejandra Flatley',51,2);
INSERT INTO citizen VALUES(2202,'Melisa Lind',24,2);
INSERT INTO citizen VALUES(2203,'Prof. Walter Walter',61,2);
INSERT INTO citizen VALUES(2204,'Chance Oberbrunner',6,2);
INSERT INTO citizen VALUES(2205,'Ms. Hortense Grimes',24,2);
INSERT INTO citizen VALUES(2206,'Norwood Corwin',8,2);
INSERT INTO citizen VALUES(2207,'Randy Homenick',57,2);
INSERT INTO citizen VALUES(2208,'Prof. Katherine Thompson IV',83,2);
INSERT INTO citizen VALUES(2209,'Pierre Fahey II',8,2);
INSERT INTO citizen VALUES(2210,'Jennings Kemmer',14,2);
INSERT INTO citizen VALUES(2211,'Edmund Jenkins',100,2);
INSERT INTO citizen VALUES(2212,'Leopoldo Berge',76,2);
INSERT INTO citizen VALUES(2213,'Dr. Chauncey Fahey',54,2);
INSERT INTO citizen VALUES(2214,'Amir Daniel',66,2);
INSERT INTO citizen VALUES(2215,'Prof. Luna Fadel PhD',47,2);
INSERT INTO citizen VALUES(2216,'Joseph Konopelski',34,2);
INSERT INTO citizen VALUES(2217,'Pauline Lubowitz IV',96,2);
INSERT INTO citizen VALUES(2218,'Laurence Romaguera Jr.',59,2);
INSERT INTO citizen VALUES(2219,'Dr. Alexa Bergnaum MD',53,2);
INSERT INTO citizen VALUES(2220,'Mrs. Betsy Kuhic',2,2);
INSERT INTO citizen VALUES(2221,'Esmeralda Nolan',91,2);
INSERT INTO citizen VALUES(2222,'Eloise Schneider Sr.',56,2);
INSERT INTO citizen VALUES(2223,'Mr. Benny Kuphal',16,2);
INSERT INTO citizen VALUES(2224,'Prof. Cordia Lebsack V',10,2);
INSERT INTO citizen VALUES(2225,'Janelle Ruecker',19,2);
INSERT INTO citizen VALUES(2226,'Jane Mills',57,2);
INSERT INTO citizen VALUES(2227,'Carleton Koelpin',24,2);
INSERT INTO citizen VALUES(2228,'Ms. Felicia Thiel',96,2);
INSERT INTO citizen VALUES(2229,'Janessa West',17,2);
INSERT INTO citizen VALUES(2230,'Mrs. Ressie Langworth IV',11,2);
INSERT INTO citizen VALUES(2231,'Prof. Andrew Quigley Jr.',45,2);
INSERT INTO citizen VALUES(2232,'Prof. Immanuel Hagenes',5,2);
INSERT INTO citizen VALUES(2233,'Prof. Dane Ritchie II',11,2);
INSERT INTO citizen VALUES(2234,'Prof. Milo Moen',9,2);
INSERT INTO citizen VALUES(2235,'Isaiah Fay I',36,2);
INSERT INTO citizen VALUES(2236,'Katelynn Renner',37,2);
INSERT INTO citizen VALUES(2237,'Prof. Gail Zemlak',76,2);
INSERT INTO citizen VALUES(2238,'Lora Russel',94,2);
INSERT INTO citizen VALUES(2239,'Mireya Davis III',15,2);
INSERT INTO citizen VALUES(2240,'Dr. Lennie Rempel III',27,2);
INSERT INTO citizen VALUES(2241,'Oscar Hammes',6,2);
INSERT INTO citizen VALUES(2242,'Cindy Harber',95,2);
INSERT INTO citizen VALUES(2243,'Dr. Rebekah Bogan',27,2);
INSERT INTO citizen VALUES(2244,'Javier Dickinson II',94,2);
INSERT INTO citizen VALUES(2245,'America Fadel',29,2);
INSERT INTO citizen VALUES(2246,'Toy Brekke',66,2);
INSERT INTO citizen VALUES(2247,'Justice Durgan',60,2);
INSERT INTO citizen VALUES(2248,'Lula Boyle MD',83,2);
INSERT INTO citizen VALUES(2249,'Cristian Stehr',63,2);
INSERT INTO citizen VALUES(2250,'Aurelio Keebler',35,2);
INSERT INTO citizen VALUES(2251,'Sammie Gleason Sr.',21,2);
INSERT INTO citizen VALUES(2252,'Tamia Gleason',89,2);
INSERT INTO citizen VALUES(2253,'Prof. Gabriel Jerde',20,2);
INSERT INTO citizen VALUES(2254,'Miss Katrine Balistreri II',99,2);
INSERT INTO citizen VALUES(2255,'Kathleen Terry',15,2);
INSERT INTO citizen VALUES(2256,'Abner Boehm',34,2);
INSERT INTO citizen VALUES(2257,'Doyle Heidenreich IV',58,2);
INSERT INTO citizen VALUES(2258,'Mrs. Anna Gleichner DDS',48,2);
INSERT INTO citizen VALUES(2259,'Miss Sylvia Blick V',59,2);
INSERT INTO citizen VALUES(2260,'Rhea Gottlieb',72,2);
INSERT INTO citizen VALUES(2261,'Maximilian Bauch',41,2);
INSERT INTO citizen VALUES(2262,'Prof. Araceli Crist',10,2);
INSERT INTO citizen VALUES(2263,'Ellis Kunde',76,2);
INSERT INTO citizen VALUES(2264,'Maegan Huels MD',19,2);
INSERT INTO citizen VALUES(2265,'Nova Kerluke',79,2);
INSERT INTO citizen VALUES(2266,'Prof. Reyes Labadie',7,2);
INSERT INTO citizen VALUES(2267,'Retta Yundt Sr.',66,2);
INSERT INTO citizen VALUES(2268,'Mr. Antwon Barton',82,2);
INSERT INTO citizen VALUES(2269,'Stephen Medhurst',93,2);
INSERT INTO citizen VALUES(2270,'Autumn Willms Jr.',55,2);
INSERT INTO citizen VALUES(2271,'Clovis Stracke',96,2);
INSERT INTO citizen VALUES(2272,'Talia Mitchell',19,2);
INSERT INTO citizen VALUES(2273,'Jenifer Beer',88,2);
INSERT INTO citizen VALUES(2274,'Penelope Jerde',11,2);
INSERT INTO citizen VALUES(2275,'Vivian Conroy',36,2);
INSERT INTO citizen VALUES(2276,'Connor Armstrong DVM',31,2);
INSERT INTO citizen VALUES(2277,'Osbaldo Hill',86,2);
INSERT INTO citizen VALUES(2278,'Dr. Juwan Kiehn Jr.',14,2);
INSERT INTO citizen VALUES(2279,'Prof. Merl Stark',51,2);
INSERT INTO citizen VALUES(2280,'Naomi Funk',13,2);
INSERT INTO citizen VALUES(2281,'Oma Sawayn',71,2);
INSERT INTO citizen VALUES(2282,'Beulah Sauer PhD',51,2);
INSERT INTO citizen VALUES(2283,'Mrs. Madge McLaughlin Jr.',92,2);
INSERT INTO citizen VALUES(2284,'Nora Berge',33,2);
INSERT INTO citizen VALUES(2285,'Mr. Danial Bednar Jr.',61,2);
INSERT INTO citizen VALUES(2286,'Blaise Funk',86,2);
INSERT INTO citizen VALUES(2287,'Prof. Jalen Wunsch',76,2);
INSERT INTO citizen VALUES(2288,'Lloyd Feest I',18,2);
INSERT INTO citizen VALUES(2289,'Michaela Bailey',56,2);
INSERT INTO citizen VALUES(2290,'Miss Lizzie Mayert',93,2);
INSERT INTO citizen VALUES(2291,'Mrs. Alexandria Kuhlman',90,2);
INSERT INTO citizen VALUES(2292,'Evans King',35,2);
INSERT INTO citizen VALUES(2293,'Jack Rohan',26,2);
INSERT INTO citizen VALUES(2294,'Genevieve Grady',69,2);
INSERT INTO citizen VALUES(2295,'Garrick Wilderman',3,2);
INSERT INTO citizen VALUES(2296,'Clotilde Mueller',47,2);
INSERT INTO citizen VALUES(2297,'Mrs. Marion Rohan Sr.',24,2);
INSERT INTO citizen VALUES(2298,'Rupert Lebsack',76,2);
INSERT INTO citizen VALUES(2299,'Prof. Nathan Effertz I',13,2);
INSERT INTO citizen VALUES(2300,'Ida Gottlieb',47,2);
INSERT INTO citizen VALUES(2301,'Prof. Ashtyn Kreiger',88,2);
INSERT INTO citizen VALUES(2302,'Owen O''Hara IV',78,2);
INSERT INTO citizen VALUES(2303,'Dexter Abernathy',69,2);
INSERT INTO citizen VALUES(2304,'Dr. Adolphus Watsica',68,2);
INSERT INTO citizen VALUES(2305,'Gage Brown V',90,2);
INSERT INTO citizen VALUES(2306,'Dr. Trystan Bode MD',75,2);
INSERT INTO citizen VALUES(2307,'Carlos Kreiger Sr.',38,2);
INSERT INTO citizen VALUES(2308,'Drake Bernhard',72,2);
INSERT INTO citizen VALUES(2309,'Baron Wunsch',59,2);
INSERT INTO citizen VALUES(2310,'Mr. Andre Daugherty',87,2);
INSERT INTO citizen VALUES(2311,'Ms. Sister Pouros',65,2);
INSERT INTO citizen VALUES(2312,'Bartholome Funk',16,2);
INSERT INTO citizen VALUES(2313,'Alfredo Leuschke',10,2);
INSERT INTO citizen VALUES(2314,'Dr. Garret Krajcik Jr.',16,2);
INSERT INTO citizen VALUES(2315,'Ms. Winifred O''Reilly DDS',59,2);
INSERT INTO citizen VALUES(2316,'Prof. Korbin Kub',35,2);
INSERT INTO citizen VALUES(2317,'Lamont Towne IV',63,2);
INSERT INTO citizen VALUES(2318,'Hassie Gislason',31,2);
INSERT INTO citizen VALUES(2319,'Mrs. Alysha Bradtke Jr.',100,2);
INSERT INTO citizen VALUES(2320,'Mr. Santino Fay',94,2);
INSERT INTO citizen VALUES(2321,'Frank Collier V',84,2);
INSERT INTO citizen VALUES(2322,'Mrs. Margarita Bernier',57,2);
INSERT INTO citizen VALUES(2323,'Jerry Carter',7,2);
INSERT INTO citizen VALUES(2324,'Prof. Kris Bins Jr.',89,2);
INSERT INTO citizen VALUES(2325,'Prof. Desmond Homenick',10,2);
INSERT INTO citizen VALUES(2326,'Ward Reinger DVM',51,2);
INSERT INTO citizen VALUES(2327,'Prof. Haley Sipes',16,2);
INSERT INTO citizen VALUES(2328,'Tracy Hickle',25,2);
INSERT INTO citizen VALUES(2329,'Joy Renner',46,2);
INSERT INTO citizen VALUES(2330,'Chasity Schimmel',17,2);
INSERT INTO citizen VALUES(2331,'Sheldon Hyatt',21,2);
INSERT INTO citizen VALUES(2332,'Colleen Feil',24,2);
INSERT INTO citizen VALUES(2333,'Cicero Johnston',14,2);
INSERT INTO citizen VALUES(2334,'Herman Hauck',85,2);
INSERT INTO citizen VALUES(2335,'Lilla Leannon',46,2);
INSERT INTO citizen VALUES(2336,'Barton Sanford',62,2);
INSERT INTO citizen VALUES(2337,'Salvador Green',69,2);
INSERT INTO citizen VALUES(2338,'Miss Angelita Weimann III',36,2);
INSERT INTO citizen VALUES(2339,'Dr. Ken Dickens I',85,2);
INSERT INTO citizen VALUES(2340,'Samir Fisher',20,2);
INSERT INTO citizen VALUES(2341,'Mrs. Maia Orn',3,2);
INSERT INTO citizen VALUES(2342,'Dr. Josefa Schimmel',49,2);
INSERT INTO citizen VALUES(2343,'Zoila Waelchi',32,2);
INSERT INTO citizen VALUES(2344,'Destiney Collier V',19,2);
INSERT INTO citizen VALUES(2345,'Aida Boyer',3,2);
INSERT INTO citizen VALUES(2346,'Marlen Hettinger',81,2);
INSERT INTO citizen VALUES(2347,'Herta Towne',77,2);
INSERT INTO citizen VALUES(2348,'Javon Yost',77,2);
INSERT INTO citizen VALUES(2349,'Brisa Weissnat IV',62,2);
INSERT INTO citizen VALUES(2350,'Ephraim Kunde',96,2);
INSERT INTO citizen VALUES(2351,'Taylor Bashirian',60,2);
INSERT INTO citizen VALUES(2352,'Ricardo Mayer',32,2);
INSERT INTO citizen VALUES(2353,'Kaylie Howell',48,2);
INSERT INTO citizen VALUES(2354,'Lemuel Mayer',41,2);
INSERT INTO citizen VALUES(2355,'Alba Goldner',75,2);
INSERT INTO citizen VALUES(2356,'Nikko Vandervort',22,2);
INSERT INTO citizen VALUES(2357,'Jenifer Keeling',8,2);
INSERT INTO citizen VALUES(2358,'Dr. Isaac Lesch Jr.',43,2);
INSERT INTO citizen VALUES(2359,'Prof. Wilfredo Gutmann',47,2);
INSERT INTO citizen VALUES(2360,'Felicity Kozey',83,2);
INSERT INTO citizen VALUES(2361,'Ofelia Stokes',65,2);
INSERT INTO citizen VALUES(2362,'Grayson Morar',21,2);
INSERT INTO citizen VALUES(2363,'Mrs. Harmony Wisozk DVM',41,2);
INSERT INTO citizen VALUES(2364,'Dominic Thiel',53,2);
INSERT INTO citizen VALUES(2365,'David Wyman',58,2);
INSERT INTO citizen VALUES(2366,'Prof. Lemuel Paucek MD',91,2);
INSERT INTO citizen VALUES(2367,'Dr. Dallin Rowe',94,2);
INSERT INTO citizen VALUES(2368,'Ms. Mariela Stiedemann I',26,2);
INSERT INTO citizen VALUES(2369,'Berenice Morar',35,2);
INSERT INTO citizen VALUES(2370,'Ms. Rahsaan Hudson',75,2);
INSERT INTO citizen VALUES(2371,'Dr. Macie Bayer',84,2);
INSERT INTO citizen VALUES(2372,'Esteban Leffler',18,2);
INSERT INTO citizen VALUES(2373,'Bernardo Haley Sr.',45,2);
INSERT INTO citizen VALUES(2374,'Jackie Langworth',70,2);
INSERT INTO citizen VALUES(2375,'Thea Swaniawski',44,2);
INSERT INTO citizen VALUES(2376,'Braden Lehner',96,2);
INSERT INTO citizen VALUES(2377,'Arden Dicki',90,2);
INSERT INTO citizen VALUES(2378,'Violette Morissette',1,2);
INSERT INTO citizen VALUES(2379,'Dr. Ila Rau II',61,2);
INSERT INTO citizen VALUES(2380,'Ms. Irma Kuhn MD',30,2);
INSERT INTO citizen VALUES(2381,'Mrs. Laurianne Stroman II',30,2);
INSERT INTO citizen VALUES(2382,'Elva Turcotte III',29,2);
INSERT INTO citizen VALUES(2383,'Dr. Karli Willms',21,2);
INSERT INTO citizen VALUES(2384,'Prof. Obie Robel',17,2);
INSERT INTO citizen VALUES(2385,'Mittie Cartwright DVM',74,2);
INSERT INTO citizen VALUES(2386,'Dr. Luciano Okuneva I',18,2);
INSERT INTO citizen VALUES(2387,'Leopoldo Parisian',42,2);
INSERT INTO citizen VALUES(2388,'Kattie Lindgren Jr.',67,2);
INSERT INTO citizen VALUES(2389,'Arvel Harris',48,2);
INSERT INTO citizen VALUES(2390,'Sherman Wyman',52,2);
INSERT INTO citizen VALUES(2391,'Prof. Heloise Quigley Sr.',9,2);
INSERT INTO citizen VALUES(2392,'Marilyne Leffler DVM',90,2);
INSERT INTO citizen VALUES(2393,'Eloisa Torp',94,2);
INSERT INTO citizen VALUES(2394,'Prof. Mohammed Donnelly',91,2);
INSERT INTO citizen VALUES(2395,'Miss Cecelia Hoppe',90,2);
INSERT INTO citizen VALUES(2396,'Genoveva Hickle',82,2);
INSERT INTO citizen VALUES(2397,'Mr. Orlando Berge',84,2);
INSERT INTO citizen VALUES(2398,'Miss Gina Anderson Jr.',38,2);
INSERT INTO citizen VALUES(2399,'Ulises Howell',53,2);
INSERT INTO citizen VALUES(2400,'Maudie Gutkowski',94,2);
INSERT INTO citizen VALUES(2401,'Augustus Stark',100,2);
INSERT INTO citizen VALUES(2402,'Lucius Labadie',9,2);
INSERT INTO citizen VALUES(2403,'Maybell Stamm',100,2);
INSERT INTO citizen VALUES(2404,'Keeley Gulgowski III',37,2);
INSERT INTO citizen VALUES(2405,'Isadore Monahan',53,2);
INSERT INTO citizen VALUES(2406,'Mr. Hazle Okuneva PhD',7,2);
INSERT INTO citizen VALUES(2407,'Jada Romaguera IV',94,2);
INSERT INTO citizen VALUES(2408,'Mortimer Hoppe',98,2);
INSERT INTO citizen VALUES(2409,'Kaci Schamberger',24,2);
INSERT INTO citizen VALUES(2410,'Teresa Reinger III',90,2);
INSERT INTO citizen VALUES(2411,'Mike Schumm',25,2);
INSERT INTO citizen VALUES(2412,'Braeden Sporer',78,2);
INSERT INTO citizen VALUES(2413,'Jevon Weimann',41,2);
INSERT INTO citizen VALUES(2414,'Dr. Daren Wolf',5,2);
INSERT INTO citizen VALUES(2415,'Jeanne Ziemann',47,2);
INSERT INTO citizen VALUES(2416,'Eleanora Jacobi',54,2);
INSERT INTO citizen VALUES(2417,'Justus Huel',12,2);
INSERT INTO citizen VALUES(2418,'Gail Smitham',27,2);
INSERT INTO citizen VALUES(2419,'Haley Trantow Jr.',58,2);
INSERT INTO citizen VALUES(2420,'Yasmeen Berge',10,2);
INSERT INTO citizen VALUES(2421,'Prof. Howell Ernser DVM',25,2);
INSERT INTO citizen VALUES(2422,'Demarcus Reinger IV',72,2);
INSERT INTO citizen VALUES(2423,'Marguerite Hirthe',14,2);
INSERT INTO citizen VALUES(2424,'Dr. Marianna McKenzie III',90,2);
INSERT INTO citizen VALUES(2425,'Dejah Cormier',55,2);
INSERT INTO citizen VALUES(2426,'Richmond Altenwerth',53,2);
INSERT INTO citizen VALUES(2427,'Ludie Bruen',47,2);
INSERT INTO citizen VALUES(2428,'Zander Wolf',57,2);
INSERT INTO citizen VALUES(2429,'Conor Balistreri',25,2);
INSERT INTO citizen VALUES(2430,'Jasper Schmeler V',58,2);
INSERT INTO citizen VALUES(2431,'Prof. Stephon Gulgowski PhD',66,2);
INSERT INTO citizen VALUES(2432,'Dr. Milan Hyatt',36,2);
INSERT INTO citizen VALUES(2433,'Gage Ruecker',72,2);
INSERT INTO citizen VALUES(2434,'Rubye Tremblay',14,2);
INSERT INTO citizen VALUES(2435,'Lucius Herzog',61,2);
INSERT INTO citizen VALUES(2436,'Dr. Stacey Fisher MD',29,2);
INSERT INTO citizen VALUES(2437,'Ford Nader',87,2);
INSERT INTO citizen VALUES(2438,'Althea Graham I',23,2);
INSERT INTO citizen VALUES(2439,'Cecile Marks',35,2);
INSERT INTO citizen VALUES(2440,'Odell Howe',15,2);
INSERT INTO citizen VALUES(2441,'Brandy Muller',90,2);
INSERT INTO citizen VALUES(2442,'Mr. Godfrey Kuvalis DVM',31,2);
INSERT INTO citizen VALUES(2443,'Loyce Howell',57,2);
INSERT INTO citizen VALUES(2444,'Patience Gerhold',53,2);
INSERT INTO citizen VALUES(2445,'Dr. Andy Hegmann DDS',42,2);
INSERT INTO citizen VALUES(2446,'Taryn Haley',22,2);
INSERT INTO citizen VALUES(2447,'Reta Thiel',39,2);
INSERT INTO citizen VALUES(2448,'Kristoffer Morissette Jr.',90,2);
INSERT INTO citizen VALUES(2449,'Lucious Howell V',76,2);
INSERT INTO citizen VALUES(2450,'Ardella Larkin',76,2);
INSERT INTO citizen VALUES(2451,'Filiberto Sipes',21,2);
INSERT INTO citizen VALUES(2452,'Miss Layla Hettinger IV',56,2);
INSERT INTO citizen VALUES(2453,'Orion Ernser',76,2);
INSERT INTO citizen VALUES(2454,'Dr. Josiah Gusikowski V',68,2);
INSERT INTO citizen VALUES(2455,'Coralie Beer II',20,2);
INSERT INTO citizen VALUES(2456,'Prof. Domenica Strosin MD',70,2);
INSERT INTO citizen VALUES(2457,'Flavie Wiegand',80,2);
INSERT INTO citizen VALUES(2458,'Earnest Wolf',76,2);
INSERT INTO citizen VALUES(2459,'Rickey Stehr',3,2);
INSERT INTO citizen VALUES(2460,'Kiley Nikolaus',93,2);
INSERT INTO citizen VALUES(2461,'Prof. Ronny Windler',62,2);
INSERT INTO citizen VALUES(2462,'Herman Beahan',44,2);
INSERT INTO citizen VALUES(2463,'Aniyah McKenzie',86,2);
INSERT INTO citizen VALUES(2464,'Jazmyne Volkman',72,2);
INSERT INTO citizen VALUES(2465,'Ms. Destini Walter',32,2);
INSERT INTO citizen VALUES(2466,'Prof. Gwendolyn VonRueden Jr.',100,2);
INSERT INTO citizen VALUES(2467,'Stephania D''Amore',69,2);
INSERT INTO citizen VALUES(2468,'Dr. Isadore Raynor',16,2);
INSERT INTO citizen VALUES(2469,'Connor Mitchell',83,2);
INSERT INTO citizen VALUES(2470,'Lilyan Schaden',22,2);
INSERT INTO citizen VALUES(2471,'Mr. Lenny Champlin',23,2);
INSERT INTO citizen VALUES(2472,'Prof. Brandi Littel',19,2);
INSERT INTO citizen VALUES(2473,'Wendy Hermiston',56,2);
INSERT INTO citizen VALUES(2474,'Mohamed Little',90,2);
INSERT INTO citizen VALUES(2475,'Kaelyn Mertz',4,2);
INSERT INTO citizen VALUES(2476,'Alvina Beer PhD',12,2);
INSERT INTO citizen VALUES(2477,'Dr. Nathan Kozey IV',33,2);
INSERT INTO citizen VALUES(2478,'Colin Leuschke',23,2);
INSERT INTO citizen VALUES(2479,'Nicolette Brown',51,2);
INSERT INTO citizen VALUES(2480,'Prof. Carlee Murazik DDS',18,2);
INSERT INTO citizen VALUES(2481,'Sadie West',4,2);
INSERT INTO citizen VALUES(2482,'William Welch',51,2);
INSERT INTO citizen VALUES(2483,'Ms. Shannon Rowe Jr.',20,2);
INSERT INTO citizen VALUES(2484,'Carolanne Kiehn Sr.',67,2);
INSERT INTO citizen VALUES(2485,'Merritt Skiles',52,2);
INSERT INTO citizen VALUES(2486,'Sylvester Murphy',30,2);
INSERT INTO citizen VALUES(2487,'Royce Stokes',28,2);
INSERT INTO citizen VALUES(2488,'Rey Borer II',51,2);
INSERT INTO citizen VALUES(2489,'Tia Parisian MD',67,2);
INSERT INTO citizen VALUES(2490,'Federico Oberbrunner DVM',51,2);
INSERT INTO citizen VALUES(2491,'Dr. Cruz Funk DDS',71,2);
INSERT INTO citizen VALUES(2492,'Mariane Hodkiewicz',6,2);
INSERT INTO citizen VALUES(2493,'Prof. Christopher Muller V',30,2);
INSERT INTO citizen VALUES(2494,'Ms. Kristy Boehm',11,2);
INSERT INTO citizen VALUES(2495,'Chyna Moen',99,2);
INSERT INTO citizen VALUES(2496,'Mrs. Hallie Gaylord',46,2);
INSERT INTO citizen VALUES(2497,'Estefania O''Kon',82,2);
INSERT INTO citizen VALUES(2498,'Emil McClure III',56,2);
INSERT INTO citizen VALUES(2499,'Jaylin Mueller',15,2);
INSERT INTO citizen VALUES(2500,'Dr. Monroe Moore',53,2);
INSERT INTO citizen VALUES(2501,'Mr. August Lueilwitz III',80,2);
INSERT INTO citizen VALUES(2502,'Cara Senger I',95,2);
INSERT INTO citizen VALUES(2503,'Kira Raynor',48,2);
INSERT INTO citizen VALUES(2504,'Emie Collins',44,2);
INSERT INTO citizen VALUES(2505,'Damaris Bergstrom',24,2);
INSERT INTO citizen VALUES(2506,'Mr. Andy Pfeffer',5,2);
INSERT INTO citizen VALUES(2507,'Ms. Delphine Wilderman',24,2);
INSERT INTO citizen VALUES(2508,'Anastacio Konopelski IV',23,2);
INSERT INTO citizen VALUES(2509,'Colleen Satterfield Sr.',22,2);
INSERT INTO citizen VALUES(2510,'Miss Lulu Kessler Sr.',29,2);
INSERT INTO citizen VALUES(2511,'Ford Dickens MD',71,2);
INSERT INTO citizen VALUES(2512,'Schuyler Haley',5,2);
INSERT INTO citizen VALUES(2513,'Erich Konopelski IV',80,2);
INSERT INTO citizen VALUES(2514,'Dominique Nitzsche',40,2);
INSERT INTO citizen VALUES(2515,'Wilton Smitham',25,2);
INSERT INTO citizen VALUES(2516,'Amara Stanton',74,2);
INSERT INTO citizen VALUES(2517,'Yasmeen Corkery',7,2);
INSERT INTO citizen VALUES(2518,'Dr. Nella Hegmann II',88,2);
INSERT INTO citizen VALUES(2519,'Cathryn Dickinson IV',85,2);
INSERT INTO citizen VALUES(2520,'Dr. Darwin Olson',97,2);
INSERT INTO citizen VALUES(2521,'Brady Parker',62,2);
INSERT INTO citizen VALUES(2522,'Emmanuel Harris III',55,2);
INSERT INTO citizen VALUES(2523,'Zane Bradtke III',99,2);
INSERT INTO citizen VALUES(2524,'Mr. Dallas Feest V',5,2);
INSERT INTO citizen VALUES(2525,'Buford Mayert',77,2);
INSERT INTO citizen VALUES(2526,'Mr. Joany Morissette',69,2);
INSERT INTO citizen VALUES(2527,'Mrs. Salma Von III',97,2);
INSERT INTO citizen VALUES(2528,'Dr. Jamil Leannon I',40,2);
INSERT INTO citizen VALUES(2529,'Dr. Eldon Trantow',68,2);
INSERT INTO citizen VALUES(2530,'Ms. Aniya Lehner DVM',10,2);
INSERT INTO citizen VALUES(2531,'Archibald Monahan Sr.',42,2);
INSERT INTO citizen VALUES(2532,'Jarrell Lesch',90,2);
INSERT INTO citizen VALUES(2533,'Schuyler Spinka',87,2);
INSERT INTO citizen VALUES(2534,'Grady Parisian',29,2);
INSERT INTO citizen VALUES(2535,'Susana Altenwerth',44,2);
INSERT INTO citizen VALUES(2536,'Rene Kris',5,2);
INSERT INTO citizen VALUES(2537,'Mrs. Malinda Dietrich',59,2);
INSERT INTO citizen VALUES(2538,'Prof. Caterina Bernier',43,2);
INSERT INTO citizen VALUES(2539,'Ova Bauch',98,2);
INSERT INTO citizen VALUES(2540,'Emerald Gutmann',18,2);
INSERT INTO citizen VALUES(2541,'Mr. Junior Towne',4,2);
INSERT INTO citizen VALUES(2542,'Shawna Waelchi',94,2);
INSERT INTO citizen VALUES(2543,'Augusta Gerlach',74,2);
INSERT INTO citizen VALUES(2544,'Leon Bartoletti',74,2);
INSERT INTO citizen VALUES(2545,'Lea Nikolaus',78,2);
INSERT INTO citizen VALUES(2546,'Genevieve Windler Jr.',75,2);
INSERT INTO citizen VALUES(2547,'Prof. Tyshawn Schultz',26,2);
INSERT INTO citizen VALUES(2548,'Yoshiko Wuckert II',3,2);
INSERT INTO citizen VALUES(2549,'Blake Muller',46,2);
INSERT INTO citizen VALUES(2550,'Prof. Mercedes Abbott III',12,2);
INSERT INTO citizen VALUES(2551,'Dorothy O''Hara Sr.',67,2);
INSERT INTO citizen VALUES(2552,'Johanna Cronin',47,2);
INSERT INTO citizen VALUES(2553,'Rodger Leannon',76,2);
INSERT INTO citizen VALUES(2554,'Fernando Hodkiewicz',46,2);
INSERT INTO citizen VALUES(2555,'Golden Schmidt',62,2);
INSERT INTO citizen VALUES(2556,'Nova Predovic',65,2);
INSERT INTO citizen VALUES(2557,'Bradly Spinka',32,2);
INSERT INTO citizen VALUES(2558,'Sam Aufderhar',88,2);
INSERT INTO citizen VALUES(2559,'Dr. Clarissa Witting',86,2);
INSERT INTO citizen VALUES(2560,'Theodora Kerluke',36,2);
INSERT INTO citizen VALUES(2561,'Prof. Narciso Connelly II',24,2);
INSERT INTO citizen VALUES(2562,'Aric Kuphal',40,2);
INSERT INTO citizen VALUES(2563,'Audra Torphy',85,2);
INSERT INTO citizen VALUES(2564,'Dr. Abdul Ortiz PhD',94,2);
INSERT INTO citizen VALUES(2565,'Orin Rath',46,2);
INSERT INTO citizen VALUES(2566,'Dr. Milo Hoppe Jr.',10,2);
INSERT INTO citizen VALUES(2567,'Britney Wiegand',79,2);
INSERT INTO citizen VALUES(2568,'Jalon Gutmann',91,2);
INSERT INTO citizen VALUES(2569,'Blair Parker',73,2);
INSERT INTO citizen VALUES(2570,'Ernesto Keeling III',4,2);
INSERT INTO citizen VALUES(2571,'Ariane Jerde',10,2);
INSERT INTO citizen VALUES(2572,'Rodger Emard',65,2);
INSERT INTO citizen VALUES(2573,'Miss Sally Cassin',96,2);
INSERT INTO citizen VALUES(2574,'Maybell Boehm Sr.',22,2);
INSERT INTO citizen VALUES(2575,'Hulda Fahey',48,2);
INSERT INTO citizen VALUES(2576,'Leonie Bailey',100,2);
INSERT INTO citizen VALUES(2577,'Dana Will',67,2);
INSERT INTO citizen VALUES(2578,'Forrest Grady',66,2);
INSERT INTO citizen VALUES(2579,'Stone Ernser',80,2);
INSERT INTO citizen VALUES(2580,'Yasmin D''Amore',8,2);
INSERT INTO citizen VALUES(2581,'Maryse Ruecker DVM',69,2);
INSERT INTO citizen VALUES(2582,'Mike Orn',99,2);
INSERT INTO citizen VALUES(2583,'Miss Anastasia Ebert',8,2);
INSERT INTO citizen VALUES(2584,'Renee Schmeler',78,2);
INSERT INTO citizen VALUES(2585,'Cayla Hudson PhD',31,2);
INSERT INTO citizen VALUES(2586,'Mario Brekke',93,2);
INSERT INTO citizen VALUES(2587,'Hilda Mohr',18,2);
INSERT INTO citizen VALUES(2588,'Elmo Swift III',99,2);
INSERT INTO citizen VALUES(2589,'Efren Frami',11,2);
INSERT INTO citizen VALUES(2590,'Yoshiko Hoeger',100,2);
INSERT INTO citizen VALUES(2591,'Mr. Richmond Emard Jr.',75,2);
INSERT INTO citizen VALUES(2592,'Prof. Gunnar Bogan',11,2);
INSERT INTO citizen VALUES(2593,'Jacynthe Robel II',7,2);
INSERT INTO citizen VALUES(2594,'Elnora Morar',100,2);
INSERT INTO citizen VALUES(2595,'Lorenza Tromp',8,2);
INSERT INTO citizen VALUES(2596,'Prof. Georgiana Volkman V',24,2);
INSERT INTO citizen VALUES(2597,'Glenna Ritchie',79,2);
INSERT INTO citizen VALUES(2598,'Antonina Koepp',48,2);
INSERT INTO citizen VALUES(2599,'Prof. Ned McLaughlin Sr.',14,2);
INSERT INTO citizen VALUES(2600,'Tyreek Harber',12,2);
INSERT INTO citizen VALUES(2601,'Prof. Trace Ortiz',95,3);
INSERT INTO citizen VALUES(2602,'Prof. Major Abbott III',5,3);
INSERT INTO citizen VALUES(2603,'Elyse Windler',29,3);
INSERT INTO citizen VALUES(2604,'Henriette Goldner',65,3);
INSERT INTO citizen VALUES(2605,'Dr. Jason Conn DDS',1,3);
INSERT INTO citizen VALUES(2606,'Prof. Art Littel DDS',83,3);
INSERT INTO citizen VALUES(2607,'Josue Considine V',88,3);
INSERT INTO citizen VALUES(2608,'Osborne Nienow',100,3);
INSERT INTO citizen VALUES(2609,'Carolyne Heller',70,3);
INSERT INTO citizen VALUES(2610,'Sienna Gorczany PhD',47,3);
DELETE FROM sqlite_sequence;
INSERT INTO sqlite_sequence VALUES('country',3);
INSERT INTO sqlite_sequence VALUES('citizen',2610);
CREATE INDEX IDX_A9531729F92F3E70 ON citizen (country_id);
COMMIT;
